Date,Close,number_of_tweets,avg_vader_sentiment,avg_finbert_sentiment
2017-01-03,2257.830078125,10.0,0.0549,0.1268397033214569
2017-01-04,2270.75,10.0,-0.23252,-0.2987631738185882
2017-01-05,2269.0,6.0,-0.07525,-0.1650624374548594
2017-01-06,2276.97998046875,12.0,0.298275,-0.0587333639462788
2017-01-09,2268.89990234375,8.0,-0.1208375,0.125
2017-01-10,2268.89990234375,4.0,0.6047750000000001,0.9475754797458648
2017-01-11,2275.320068359375,7.0,-0.1683714285714285,0.14144914490836
2017-01-12,2270.43994140625,6.0,0.29745,0.0474017560482025
2017-01-13,2274.639892578125,8.0,0.0994999999999999,0.0138172507286071
2017-01-17,2267.889892578125,13.0,0.1613,0.1375227203735938
2017-01-18,2271.889892578125,8.0,0.09025,0.0624720081686973
2017-01-19,2263.68994140625,8.0,0.4773,0.4902063310146332
2017-01-20,2271.31005859375,13.0,0.1655230769230769,0.0763397125097421
2017-01-23,2265.199951171875,1.0,0.4939,0.0
2017-01-24,2280.070068359375,4.0,0.314825,0.0
2017-01-25,2298.3701171875,8.0,0.0556125,0.1211327835917472
2017-01-26,2296.679931640625,11.0,0.0472454545454545,-0.1599245396527377
2017-01-27,2294.68994140625,7.0,0.2596428571428572,0.094101709978921
2017-01-30,2280.89990234375,7.0,-0.1804285714285714,0.0063656398228236
2017-01-31,2278.8701171875,3.0,-0.0208999999999999,0.0
2017-02-01,2279.550048828125,4.0,0.2239499999999999,0.2801984250545501
2017-02-02,2280.85009765625,8.0,0.0503125,0.3249372914433479
2017-02-03,2297.419921875,7.0,-0.1753142857142857,0.1426261067390442
2017-02-06,2292.56005859375,6.0,-0.0267166666666666,0.0417860647042592
2017-02-07,2293.080078125,5.0,-0.50652,5.5348873138427736e-05
2017-02-08,2294.669921875,11.0,0.1229363636363636,-0.0534786094318736
2017-02-09,2307.8701171875,8.0,0.2498125,-0.23307566344738
2017-02-10,2316.10009765625,3.0,-0.1709666666666666,0.0
2017-02-13,2328.25,3.0,0.3435666666666666,0.0
2017-02-14,2337.580078125,6.0,0.2424333333333333,-0.0063199698925018
2017-02-15,2349.25,11.0,-0.0075999999999999,-0.3021419915285977
2017-02-16,2347.219970703125,6.0,-0.2219333333333333,0.0195842087268829
2017-02-17,2351.159912109375,8.0,-0.1235375,0.1249842196702957
2017-02-21,2365.3798828125,3.0,-0.0452,0.0
2017-02-22,2362.820068359375,2.0,0.6028,0.4999998807907104
2017-02-23,2363.81005859375,1.0,0.0,0.5938209891319275
2017-02-24,2367.340087890625,6.0,-0.2447166666666666,-0.4973951975504557
2017-02-27,2369.75,2.0,0.6436,0.9870392084121704
2017-02-28,2363.639892578125,1.0,0.4939,0.0
2017-03-01,2395.9599609375,3.0,0.2190666666666666,0.2116154034932454
2017-03-02,2381.919921875,1.0,0.6908,0.9999997615814208
2017-03-03,2383.1201171875,13.0,-0.0758076923076923,-0.0723717396075909
2017-03-06,2375.31005859375,4.0,0.396025,0.4787141382694244
2017-03-07,2368.389892578125,8.0,0.1960625,-0.1092663779854774
2017-03-08,2362.97998046875,6.0,0.6152166666666666,0.4248591760794322
2017-03-09,2364.8701171875,4.0,0.6586,0.6759167909622192
2017-03-10,2372.60009765625,3.0,0.0494,0.0110517541567484
2017-03-13,2373.469970703125,5.0,0.1546399999999999,0.2000010251998901
2017-03-14,2365.449951171875,2.0,0.44425,0.5
2017-03-15,2385.260009765625,7.0,0.1761142857142857,0.0052884817123413
2017-03-16,2381.3798828125,7.0,0.5951571428571428,0.4285700491496494
2017-03-17,2378.25,9.0,0.3752666666666667,-0.1111092699898613
2017-03-20,2373.469970703125,7.0,-0.0341857142857143,0.1350881457328796
2017-03-21,2344.02001953125,4.0,0.600375,0.6833391934633255
2017-03-22,2348.449951171875,1.0,-0.1027,0.9179837703704834
2017-03-23,2345.9599609375,7.0,-0.1228,0.2853558574404035
2017-03-24,2343.97998046875,4.0,0.42605,0.9621827900409698
2017-03-27,2341.590087890625,1.0,0.6249,0.999616265296936
2017-03-28,2358.570068359375,10.0,0.31576,0.2995843768119812
2017-03-29,2361.1298828125,4.0,-0.1244,-0.0094702839851379
2017-03-30,2368.06005859375,9.0,0.0744555555555555,0.0838965309990776
2017-03-31,2362.719970703125,8.0,0.41275,0.446218878030777
2017-04-03,2358.840087890625,8.0,0.4366125,0.2725700512528419
2017-04-04,2360.159912109375,4.0,0.405325,0.25
2017-04-05,2352.949951171875,1.0,0.8908,0.9999797344207764
2017-04-06,2357.489990234375,2.0,0.37895,0.0
2017-04-07,2355.5400390625,1.0,0.7645,0.9999994039535522
2017-04-10,2357.159912109375,3.0,0.733,0.8617181579271952
2017-04-11,2353.780029296875,5.0,0.4112,0.33558109998703
2017-04-12,2344.929931640625,6.0,0.5913499999999999,0.3333271145820617
2017-04-13,2328.949951171875,4.0,0.8101499999999999,0.7499840259552002
2017-04-17,2349.010009765625,8.0,0.2767,-0.128646969795227
2017-04-18,2342.18994140625,7.0,-0.1091571428571428,-0.0432877029691423
2017-04-19,2338.169921875,4.0,0.30375,-0.2558951526880264
2017-04-20,2355.840087890625,4.0,0.25025,0.19280806183815
2017-04-21,2348.68994140625,5.0,-0.3104,-0.1696545243263244
2017-04-24,2374.14990234375,7.0,-0.1244,-0.237506023475102
2017-04-25,2388.610107421875,5.0,0.2861,-1.0967254638671874e-06
2017-04-26,2387.449951171875,9.0,-0.1673888888888889,-0.0489510231547885
2017-04-27,2388.77001953125,12.0,0.1543416666666666,0.0193778922160466
2017-04-28,2384.199951171875,4.0,0.0719,-0.154112622141838
2017-05-01,2388.330078125,2.0,0.6407499999999999,0.4998719990253448
2017-05-02,2391.169921875,4.0,0.0272999999999999,0.0896652340888977
2017-05-03,2388.1298828125,4.0,0.531025,0.1787963062524795
2017-05-04,2389.52001953125,10.0,0.08673,-0.1272279024124145
2017-05-05,2399.2900390625,10.0,0.2240199999999999,0.4302850008010864
2017-05-08,2399.3798828125,10.0,-0.0490399999999999,0.1998461425304412
2017-05-09,2396.919921875,2.0,0.44895,0.966870665550232
2017-05-10,2399.6298828125,11.0,-0.0347636363636363,-0.2400408332998102
2017-05-11,2394.43994140625,6.0,0.0820999999999999,0.0505249798297882
2017-05-12,2390.89990234375,9.0,0.2286888888888889,0.1261734763781229
2017-05-15,2402.320068359375,1.0,0.5423,0.0
2017-05-16,2400.669921875,6.0,0.1317166666666666,0.3333265980084737
2017-05-17,2357.030029296875,1.0,0.9042,0.9999998807907104
2017-05-18,2365.719970703125,4.0,-0.031525,0.2263436466455459
2017-05-19,2381.72998046875,3.0,0.2654666666666667,0.3333332538604736
2017-05-22,2394.02001953125,2.0,0.1806,0.0
2017-05-23,2398.419921875,4.0,0.769325,0.4935330003499985
2017-05-24,2404.389892578125,2.0,0.72035,0.0
2017-05-25,2415.070068359375,4.0,0.449975,0.2499057352542877
2017-05-26,2415.820068359375,4.0,0.2748,0.5686162114143372
2017-05-30,2412.909912109375,5.0,-0.0712,-0.1999939441680908
2017-05-31,2411.800048828125,9.0,0.2685999999999999,0.1699308819240994
2017-06-01,2430.06005859375,5.0,0.0809599999999999,-0.0195527911186218
2017-06-02,2439.070068359375,10.0,0.1507299999999999,0.0271478056907653
2017-06-05,2436.10009765625,8.0,0.11115,0.0020594298839569
2017-06-06,2429.330078125,10.0,-0.21538,0.1788219809532165
2017-06-07,2433.139892578125,5.0,0.17246,0.1998085618019104
2017-06-08,2433.7900390625,0.0,0.0,0.0
2017-06-09,2431.77001953125,7.0,0.5667714285714286,0.2853939192635672
2017-06-12,2429.389892578125,8.0,0.174,0.2489655837416649
2017-06-13,2440.35009765625,10.0,-0.13182,-0.0763624012470245
2017-06-14,2437.919921875,4.0,0.54645,0.3571004569530487
2017-06-15,2432.4599609375,7.0,0.2394142857142857,0.0762112651552472
2017-06-16,2433.14990234375,7.0,0.0886714285714285,0.121514754635947
2017-06-19,2453.4599609375,13.0,0.0864461538461538,0.2982786206098703
2017-06-20,2437.030029296875,6.0,-0.0294499999999999,-0.2887527545293172
2017-06-21,2435.610107421875,9.0,0.7187111111111111,0.7728318174680074
2017-06-22,2434.5,13.0,0.1367,0.0287721523871788
2017-06-23,2438.300048828125,7.0,0.3289285714285714,0.4255558933530535
2017-06-26,2439.070068359375,9.0,-0.0765777777777777,-0.0625382794274224
2017-06-27,2419.3798828125,14.0,-0.0478428571428571,-0.1240978666714259
2017-06-28,2440.68994140625,9.0,-0.0340777777777777,0.1657992005348205
2017-06-29,2419.699951171875,13.0,-0.1161461538461538,0.1522651360585139
2017-06-30,2423.409912109375,7.0,0.0273857142857142,0.1739732197352818
2017-07-03,2429.010009765625,10.0,0.47561,0.406887286901474
2017-07-05,2432.5400390625,5.0,0.13744,-0.1941303253173828
2017-07-06,2409.75,4.0,0.3146,0.7499199658632278
2017-07-07,2425.179931640625,7.0,0.3752142857142857,0.1428534643990653
2017-07-10,2427.429931640625,11.0,-0.1842090909090909,-0.1657397692853754
2017-07-11,2425.530029296875,7.0,-0.1167,0.0322751913751874
2017-07-12,2443.25,14.0,0.3321285714285714,0.2142836025782994
2017-07-13,2447.830078125,4.0,0.610625,0.249867096543312
2017-07-14,2459.27001953125,11.0,0.3476909090909091,0.2227664914998141
2017-07-17,2459.139892578125,3.0,0.6057333333333333,0.0
2017-07-18,2460.610107421875,5.0,0.06144,0.2914311051368713
2017-07-19,2473.830078125,5.0,-0.40944,-0.1846082687377929
2017-07-20,2473.449951171875,3.0,0.2993666666666666,0.0
2017-07-21,2472.5400390625,7.0,0.4229428571428571,0.3441637924739292
2017-07-24,2469.909912109375,9.0,-0.0796333333333333,-0.3283506698078579
2017-07-25,2477.1298828125,19.0,0.0587157894736842,0.1053658033672132
2017-07-26,2477.830078125,12.0,0.4923833333333333,0.1769946167866389
2017-07-27,2475.419921875,10.0,0.32338,0.0998602032661438
2017-07-28,2472.10009765625,9.0,0.5818888888888889,0.44381625784768
2017-07-31,2470.300048828125,4.0,0.402825,0.2488877922296524
2017-08-01,2476.35009765625,3.0,-0.1161333333333333,0.0
2017-08-02,2477.570068359375,4.0,0.5299,0.5927320569753647
2017-08-03,2472.159912109375,10.0,0.35867,0.4359074652194977
2017-08-04,2476.830078125,16.0,0.4327999999999999,0.3733612298965454
2017-08-07,2480.909912109375,16.0,0.2846375,0.2539720758795738
2017-08-08,2474.919921875,8.0,-0.2371375,-0.4531012624502182
2017-08-09,2474.02001953125,11.0,-0.1628545454545454,0.1626201326196844
2017-08-10,2438.2099609375,9.0,0.1660777777777778,0.199174702167511
2017-08-11,2441.320068359375,8.0,0.36705,0.2482502162456512
2017-08-14,2465.840087890625,9.0,0.0526666666666666,0.0269948111640082
2017-08-15,2464.610107421875,10.0,0.02898,0.0968014657497406
2017-08-16,2468.110107421875,15.0,0.2680266666666667,0.1188039898872375
2017-08-17,2430.010009765625,12.0,0.0046749999999999,-0.2578910092512766
2017-08-18,2425.550048828125,8.0,0.300975,-0.0878111571073532
2017-08-21,2428.3701171875,3.0,0.1993333333333333,0.3331764539082845
2017-08-22,2452.510009765625,8.0,0.3827625,0.4594246596097946
2017-08-23,2444.0400390625,10.0,0.2932599999999999,0.2821616768836975
2017-08-24,2438.969970703125,15.0,0.2832466666666667,0.0670893947283426
2017-08-25,2443.050048828125,14.0,0.3588142857142857,0.2856337513242449
2017-08-28,2444.239990234375,4.0,-0.05745,0.0
2017-08-29,2446.300048828125,6.0,0.23345,0.0
2017-08-30,2457.590087890625,5.0,-0.05682,-0.3830904364585876
2017-08-31,2471.64990234375,5.0,0.6786000000000001,0.5164766907691956
2017-09-01,2476.550048828125,7.0,0.3398142857142857,0.4189560753958566
2017-09-05,2457.85009765625,6.0,0.16845,0.0
2017-09-06,2465.5400390625,8.0,0.172225,0.1992451325058937
2017-09-07,2465.10009765625,12.0,0.3108083333333333,0.1509694953759511
2017-09-08,2461.429931640625,8.0,0.4038,0.0562839433550834
2017-09-11,2488.110107421875,2.0,0.38585,-0.4655374586582184
2017-09-12,2496.47998046875,5.0,0.61512,0.2045890808105468
2017-09-13,2498.3701171875,3.0,0.1517333333333333,0.0
2017-09-14,2495.6201171875,13.0,0.1379230769230769,0.1081999677878159
2017-09-15,2500.22998046875,14.0,-0.1630428571428571,-0.0035765596798488
2017-09-18,2503.8701171875,5.0,0.67224,0.3824355602264404
2017-09-19,2506.64990234375,9.0,0.4456555555555554,0.5552322864532471
2017-09-20,2508.239990234375,26.0,0.4472923076923077,0.1296973343078906
2017-09-21,2500.60009765625,9.0,0.5106777777777778,0.0
2017-09-22,2502.219970703125,11.0,0.1409,0.1531878763979131
2017-09-25,2496.659912109375,9.0,0.1007444444444444,0.2221539815266927
2017-09-26,2496.840087890625,21.0,0.161547619047619,0.2238212994166783
2017-09-27,2507.0400390625,12.0,0.6217583333333333,0.6593288282553355
2017-09-28,2510.06005859375,8.0,0.3388,0.3746940493583679
2017-09-29,2519.360107421875,12.0,0.2041083333333333,0.2440285931030909
2017-10-02,2529.1201171875,2.0,0.5680999999999999,0.4999997615814209
2017-10-03,2534.580078125,4.0,0.6938,0.7499991655349731
2017-10-04,2537.739990234375,13.0,0.221,0.0122231886937068
2017-10-05,2552.070068359375,10.0,-0.09384,0.2027840435504913
2017-10-06,2549.330078125,3.0,-0.1448666666666666,0.0
2017-10-09,2544.72998046875,3.0,0.2108,-0.3333120346069336
2017-10-10,2550.639892578125,11.0,0.0254363636363636,0.08018620447679
2017-10-11,2555.239990234375,15.0,0.05744,0.2904927690823873
2017-10-12,2550.929931640625,12.0,0.12295,0.0696971168120702
2017-10-13,2553.169921875,13.0,-0.0388923076923076,-0.0765074674899761
2017-10-16,2557.639892578125,9.0,0.2394222222222222,0.0412346654468112
2017-10-17,2559.360107421875,9.0,0.2551222222222222,0.1159722010294596
2017-10-18,2561.260009765625,17.0,0.281535294117647,0.1353652617510627
2017-10-19,2562.10009765625,7.0,-0.0876285714285714,-0.1428566149302891
2017-10-20,2575.2099609375,11.0,0.2648363636363636,0.3582541454922069
2017-10-23,2564.97998046875,4.0,-0.036375,-0.0652718096971511
2017-10-24,2569.1298828125,8.0,0.145525,0.2424159348011016
2017-10-25,2557.14990234375,13.0,0.4199307692307693,0.3828490284773019
2017-10-26,2560.39990234375,11.0,0.2475363636363636,0.3623271259394559
2017-10-27,2581.070068359375,15.0,0.4205399999999999,0.5645524183909099
2017-10-30,2572.830078125,4.0,0.07255,0.1897256523370742
2017-10-31,2575.260009765625,15.0,-0.1492333333333333,-0.0375591198603312
2017-11-01,2579.360107421875,15.0,-0.05162,0.1176138003667195
2017-11-02,2579.85009765625,14.0,0.2929642857142857,0.3469744282109396
2017-11-03,2587.840087890625,20.0,0.017315,-0.2053783565759658
2017-11-06,2591.1298828125,7.0,0.3450857142857143,0.1605511307716369
2017-11-07,2590.639892578125,11.0,0.0933727272727272,0.2704537619243968
2017-11-08,2594.3798828125,12.0,0.3327833333333333,0.0835170249144236
2017-11-09,2584.6201171875,4.0,0.4168,0.5087126046419144
2017-11-10,2582.300048828125,9.0,0.7247555555555556,0.4444338215721978
2017-11-13,2584.840087890625,4.0,0.384725,0.7481649816036224
2017-11-14,2578.8701171875,8.0,0.5386375,0.3748905658721924
2017-11-15,2564.6201171875,15.0,0.2606533333333333,0.3284379522005717
2017-11-16,2585.639892578125,7.0,0.2626285714285714,0.0107737864766802
2017-11-17,2578.85009765625,7.0,0.0324571428571428,0.4239105156489781
2017-11-20,2582.139892578125,4.0,-0.197925,-0.7227966338396072
2017-11-21,2599.030029296875,2.0,0.6122,0.4997090697288513
2017-11-22,2597.080078125,11.0,-0.0116090909090909,0.0083416971293362
2017-11-24,2602.419921875,10.0,-0.01889,-0.0523779392242431
2017-11-27,2601.419921875,4.0,0.37045,0.0676089823246002
2017-11-28,2627.0400390625,15.0,0.3705,0.4253949046134949
2017-11-29,2626.070068359375,20.0,0.09788,0.2968512862920761
2017-11-30,2647.580078125,15.0,-0.0400599999999999,-0.0099950194358825
2017-12-01,2642.219970703125,9.0,-0.0169111111111111,0.1515778104464213
2017-12-04,2639.43994140625,4.0,0.0802999999999999,-0.2499803900718689
2017-12-05,2629.570068359375,2.0,0.6307,0.4631800353527069
2017-12-06,2629.27001953125,5.0,0.39224,0.3998697161674499
2017-12-07,2636.97998046875,9.0,0.2289333333333333,0.1111110051472981
2017-12-08,2651.5,8.0,0.0727125,0.0267336666584014
2017-12-11,2659.989990234375,1.0,-0.946,-0.999630093574524
2017-12-12,2664.110107421875,5.0,-0.10028,0.2070735454559326
2017-12-13,2662.85009765625,5.0,0.50182,0.0933619856834411
2017-12-14,2652.010009765625,7.0,0.3609142857142857,0.5703119891030448
2017-12-15,2675.81005859375,4.0,0.784475,0.499622106552124
2017-12-18,2690.159912109375,13.0,0.4239153846153846,0.4989169698495131
2017-12-19,2681.469970703125,5.0,0.795,0.46333749294281
2017-12-20,2679.25,6.0,0.4847833333333333,0.6656418442726135
2017-12-21,2684.570068359375,5.0,0.34384,0.4477494597434998
2017-12-22,2683.340087890625,11.0,0.3727727272727273,0.0463162877342917
2017-12-26,2680.5,3.0,0.4608666666666667,0.5594373544057211
2017-12-27,2682.6201171875,2.0,0.33135,0.0
2017-12-28,2687.5400390625,11.0,0.0257818181818181,7.358464327725497e-06
2017-12-29,2673.610107421875,8.0,0.28695,-0.0196801647543907
2018-01-02,2695.81005859375,13.0,0.4498384615384615,0.3076698229863093
2018-01-03,2713.06005859375,4.0,0.1382999999999999,0.4999884665012359
2018-01-04,2723.989990234375,10.0,0.10379,0.3069822669029236
2018-01-05,2743.14990234375,6.0,0.0114833333333333,0.4993464052677154
2018-01-08,2747.7099609375,7.0,0.2143714285714286,-0.0867987019675118
2018-01-09,2751.2900390625,5.0,0.72214,0.7744997143745422
2018-01-10,2748.22998046875,10.0,0.35645,0.3559479951858521
2018-01-11,2767.56005859375,8.0,0.055275,0.3222646564245224
2018-01-12,2786.239990234375,14.0,0.2735285714285714,0.0823822149208613
2018-01-16,2776.419921875,17.0,0.1441647058823529,-0.1372766599935644
2018-01-17,2802.56005859375,5.0,0.68294,0.7999686956405639
2018-01-18,2798.030029296875,12.0,0.3270666666666666,0.39593539138635
2018-01-19,2810.300048828125,6.0,0.0725999999999999,0.3333250482877095
2018-01-22,2832.969970703125,4.0,0.1678,-0.2100504785776138
2018-01-23,2839.1298828125,6.0,0.8024833333333333,0.333333154519399
2018-01-24,2837.5400390625,5.0,0.2237,0.5999495625495911
2018-01-25,2839.25,4.0,0.573,0.940677747130394
2018-01-26,2872.8701171875,7.0,0.4862142857142857,0.2535842827388218
2018-01-29,2853.530029296875,1.0,0.5994,0.0
2018-01-30,2822.429931640625,0.0,0.0,0.0
2018-01-31,2823.81005859375,1.0,0.296,0.0
2018-02-01,2821.97998046875,3.0,0.3411333333333333,0.3333332935969035
2018-02-02,2762.1298828125,6.0,0.5042833333333333,0.5899555285771688
2018-02-05,2648.93994140625,7.0,0.0413285714285714,0.4283524070467268
2018-02-06,2695.139892578125,5.0,-0.10622,-0.1883610963821411
2018-02-07,2681.659912109375,7.0,0.7730428571428571,0.5704671740531921
2018-02-08,2581.0,5.0,0.6798,0.0
2018-02-09,2619.550048828125,4.0,0.081275,0.4993187636137008
2018-02-12,2656.0,3.0,0.2911666666666667,0.3292312026023865
2018-02-13,2662.93994140625,2.0,0.28315,0.4311545789241791
2018-02-14,2698.6298828125,4.0,0.1297249999999999,0.2499812245368957
2018-02-15,2731.199951171875,7.0,-0.3055285714285714,0.1139713781220572
2018-02-16,2732.219970703125,3.0,-0.071,-0.3202120065689087
2018-02-20,2716.260009765625,13.0,0.5312769230769231,0.2916019329657921
2018-02-21,2701.330078125,8.0,0.215425,0.1428400352597236
2018-02-22,2703.9599609375,10.0,0.30825,0.1961943984031677
2018-02-23,2747.300048828125,10.0,0.3617899999999999,0.1454699575901031
2018-02-26,2779.60009765625,0.0,0.0,0.0
2018-02-27,2744.280029296875,8.0,0.471325,0.1483245193958282
2018-02-28,2713.830078125,10.0,0.45162,0.5865275800228119
2018-03-01,2677.669921875,6.0,0.3165333333333333,0.2720927695433299
2018-03-02,2691.25,13.0,0.1168846153846153,0.1895334353813758
2018-03-05,2720.93994140625,6.0,0.2864666666666666,0.0013481477896372
2018-03-06,2728.1201171875,8.0,0.14415,0.0
2018-03-07,2726.800048828125,6.0,0.2043,0.0125596721967061
2018-03-08,2738.969970703125,5.0,0.6570400000000001,0.3253685712814331
2018-03-09,2786.570068359375,5.0,0.5828599999999999,0.3848442792892456
2018-03-12,2783.02001953125,6.0,0.1093,0.4999660352865855
2018-03-13,2765.31005859375,8.0,0.1051375,0.2414419054985046
2018-03-14,2749.47998046875,10.0,0.40913,0.3496713578701019
2018-03-15,2747.330078125,6.0,0.4358833333333333,0.1697899401187896
2018-03-16,2752.010009765625,4.0,0.50885,0.2282816171646118
2018-03-19,2712.919921875,3.0,0.1255,-0.6329079071680704
2018-03-20,2716.93994140625,2.0,0.5439499999999999,0.4999955296516418
2018-03-21,2711.929931640625,7.0,0.3524,-0.2782276272773742
2018-03-22,2643.68994140625,8.0,0.3240875,0.0287966132164001
2018-03-23,2588.260009765625,6.0,-0.2416166666666666,-0.1639275252819061
2018-03-26,2658.550048828125,4.0,0.718175,0.7494658082723618
2018-03-27,2612.6201171875,3.0,0.0999999999999999,0.6661779483159384
2018-03-28,2605.0,9.0,0.5280222222222223,0.2009249528249105
2018-03-29,2640.8701171875,4.0,-0.030625,0.2499994337558746
2018-04-02,2581.8798828125,9.0,-0.4426333333333333,-0.0660805238617791
2018-04-03,2614.449951171875,13.0,0.1444307692307692,-0.0061650963929983
2018-04-04,2644.68994140625,6.0,0.2574,0.1654598712921142
2018-04-05,2662.840087890625,4.0,0.0818249999999999,0.2508838027715683
2018-04-06,2604.469970703125,7.0,-0.0026,0.0438836642674037
2018-04-09,2613.159912109375,5.0,0.44596,0.3516367077827453
2018-04-10,2656.8701171875,6.0,0.4915166666666666,0.5146265427271525
2018-04-11,2642.18994140625,11.0,-0.2131454545454545,0.1270281022245233
2018-04-12,2663.989990234375,10.0,0.42211,0.1999642133712768
2018-04-13,2656.300048828125,6.0,-0.2264833333333333,-0.1662536362806956
2018-04-16,2677.840087890625,2.0,0.15035,-0.4970026910305023
2018-04-17,2706.389892578125,24.0,0.1399208333333333,0.1387578944365183
2018-04-18,2708.639892578125,17.0,0.1035411764705882,0.2152865774491254
2018-04-19,2693.1298828125,14.0,0.5119,0.1216624592031751
2018-04-20,2670.139892578125,9.0,0.0955888888888888,0.1669656534989675
2018-04-23,2670.2900390625,4.0,-0.0441749999999999,-0.5540590584278107
2018-04-24,2634.56005859375,10.0,0.61851,0.2999957323074341
2018-04-25,2639.39990234375,7.0,0.4889714285714285,0.4275796668870108
2018-04-26,2666.93994140625,3.0,0.6959333333333334,0.3332643707593282
2018-04-27,2669.909912109375,11.0,0.4297454545454545,0.4544416124170476
2018-04-30,2648.050048828125,10.0,0.3487099999999999,0.350464254617691
2018-05-01,2654.800048828125,7.0,0.4768714285714285,0.7101105877331325
2018-05-02,2635.669921875,7.0,-0.0012857142857142,0.0318995203290666
2018-05-03,2629.72998046875,9.0,0.4022888888888889,0.3332464827431572
2018-05-04,2663.419921875,10.0,-0.10362,-0.1444714844226837
2018-05-07,2672.6298828125,11.0,-0.0386454545454545,0.1280132532119751
2018-05-08,2671.919921875,7.0,0.2082285714285714,-0.2832233480044773
2018-05-09,2697.7900390625,8.0,0.3217125,0.3807202354073524
2018-05-10,2723.070068359375,5.0,0.0590599999999999,0.0480003952980041
2018-05-11,2727.719970703125,5.0,0.2345,0.3008559584617615
2018-05-14,2730.1298828125,7.0,0.0882714285714285,0.2799256614276341
2018-05-15,2711.449951171875,9.0,0.4141222222222222,0.2218505475256178
2018-05-16,2722.4599609375,10.0,0.43791,0.1011144638061523
2018-05-17,2720.1298828125,11.0,0.5806636363636364,0.3253014900467612
2018-05-18,2712.969970703125,11.0,0.0589,-0.1446750597520308
2018-05-21,2733.010009765625,10.0,0.23466,0.2009901225566864
2018-05-22,2724.43994140625,2.0,0.8806499999999999,0.490962266921997
2018-05-23,2733.2900390625,17.0,-0.0157999999999999,0.0083933472633361
2018-05-24,2727.760009765625,11.0,0.1073545454545454,0.0878468480977145
2018-05-25,2721.330078125,18.0,0.2257277777777778,0.0750221212704976
2018-05-29,2689.860107421875,7.0,0.0231857142857143,0.1420412404196603
2018-05-30,2724.010009765625,10.0,0.1445499999999999,0.2003236472606659
2018-05-31,2705.27001953125,16.0,0.1842437499999999,0.1103263199329376
2018-06-01,2734.6201171875,6.0,0.1801333333333333,0.1665378014246622
2018-06-04,2746.8701171875,12.0,0.123875,-0.1205147157112757
2018-06-05,2748.800048828125,17.0,0.3129823529411765,0.1872602525879355
2018-06-06,2772.35009765625,18.0,0.1246888888888888,0.1658424602614508
2018-06-07,2770.3701171875,20.0,0.029895,-0.041404503583908
2018-06-08,2779.030029296875,6.0,-0.2585333333333333,0.3332863946755727
2018-06-11,2782.0,11.0,-0.0813272727272727,0.0905917070128701
2018-06-12,2786.85009765625,11.0,0.5936454545454546,0.5382713242010637
2018-06-13,2775.6298828125,17.0,0.4212588235294118,0.4397812100017772
2018-06-14,2782.489990234375,7.0,0.1276,0.2855139885629926
2018-06-15,2779.659912109375,19.0,0.0838894736842105,0.0526412505852548
2018-06-18,2773.75,12.0,-0.3690166666666667,0.0285432438055674
2018-06-19,2762.590087890625,9.0,-0.2232222222222222,0.0197980867491828
2018-06-20,2767.320068359375,15.0,0.1559733333333333,-0.0231552521387736
2018-06-21,2749.760009765625,19.0,0.3046473684210526,0.4777026615644756
2018-06-22,2754.8798828125,15.0,0.2820266666666667,0.0125181873639424
2018-06-25,2717.070068359375,21.0,0.1314523809523809,0.1054258857454572
2018-06-26,2723.06005859375,12.0,0.1456166666666666,0.0950196335713068
2018-06-27,2699.6298828125,17.0,0.6106411764705882,0.3990999390097225
2018-06-28,2716.31005859375,14.0,0.0242857142857143,0.1534777241093771
2018-06-29,2718.3701171875,5.0,0.0845399999999999,0.005608582496643
2018-07-02,2726.7099609375,3.0,0.8281000000000001,0.61463596423467
2018-07-03,2713.219970703125,21.0,0.2072619047619047,0.0319282582827976
2018-07-05,2736.610107421875,6.0,0.0933833333333333,0.1711393892765045
2018-07-06,2759.820068359375,6.0,0.5380333333333334,0.3972173631191253
2018-07-09,2784.169921875,7.0,0.2674857142857142,-1.2116772787911553e-05
2018-07-10,2793.840087890625,18.0,0.2558,0.0785325997405582
2018-07-11,2774.02001953125,18.0,0.0642,0.0134689344300164
2018-07-12,2798.2900390625,10.0,0.12012,-0.0612716913223266
2018-07-13,2801.31005859375,3.0,0.2448666666666666,0.3333134253819783
2018-07-16,2798.429931640625,12.0,0.384825,0.3267111927270889
2018-07-17,2809.550048828125,5.0,0.1377,0.0702417135238647
2018-07-18,2815.6201171875,15.0,0.4950533333333333,0.3988129377365112
2018-07-19,2804.489990234375,13.0,-0.1124153846153846,0.2280291593991793
2018-07-20,2801.830078125,14.0,-0.0205714285714285,-0.0773917990071433
2018-07-23,2806.97998046875,10.0,-0.38193,-0.0758877575397491
2018-07-24,2820.39990234375,16.0,0.403125,0.3117693848907947
2018-07-25,2846.070068359375,15.0,0.4929266666666667,0.5071339130401611
2018-07-26,2837.43994140625,12.0,0.5770833333333333,0.3842969338099162
2018-07-27,2818.820068359375,16.0,0.336625,0.4985529705882072
2018-07-30,2802.60009765625,13.0,0.5871076923076923,0.3669116405340341
2018-07-31,2816.2900390625,19.0,0.3631473684210526,0.4595116188651637
2018-08-01,2813.360107421875,14.0,0.0403571428571428,0.1426328803811754
2018-08-02,2827.219970703125,13.0,0.3799538461538461,0.6116668352713952
2018-08-03,2840.35009765625,10.0,0.5209900000000001,0.5975078761577606
2018-08-06,2850.39990234375,10.0,0.30886,0.3018868625164032
2018-08-07,2858.449951171875,4.0,0.351525,0.2496833950281143
2018-08-08,2857.699951171875,10.0,0.6774600000000001,0.5987369358539582
2018-08-09,2853.580078125,6.0,-0.0534833333333333,0.1666664083798726
2018-08-10,2833.280029296875,8.0,0.5973625,0.2499074637889862
2018-08-13,2821.929931640625,14.0,0.1526071428571428,0.0691222207886832
2018-08-14,2839.9599609375,16.0,-0.1678562499999999,0.0860438980162143
2018-08-15,2818.3701171875,17.0,0.471035294117647,0.4337958833750556
2018-08-16,2840.68994140625,17.0,0.1826941176470588,-0.0245716221192303
2018-08-17,2850.1298828125,17.0,0.0500411764705882,0.0535032188191133
2018-08-20,2857.050048828125,8.0,-0.4313625,-0.0646679103374481
2018-08-21,2862.9599609375,13.0,0.3137999999999999,0.1008165937203627
2018-08-22,2861.820068359375,9.0,0.4252555555555555,-0.0062243872218661
2018-08-23,2856.97998046875,10.0,0.1719,0.1736820518970489
2018-08-24,2874.68994140625,12.0,0.2223333333333333,0.0838118741909662
2018-08-27,2896.739990234375,10.0,0.6238900000000001,0.599815309047699
2018-08-28,2897.52001953125,9.0,-0.2767222222222222,-0.2221370140711466
2018-08-29,2914.0400390625,24.0,0.1179916666666666,0.1643215591708819
2018-08-30,2901.1298828125,18.0,-0.1930055555555555,0.1666811638408237
2018-08-31,2901.52001953125,4.0,0.2019999999999999,0.249840959906578
2018-09-04,2896.719970703125,12.0,0.0461166666666666,0.0555021862188975
2018-09-05,2888.60009765625,15.0,-0.0725266666666666,0.0005549073219299
2018-09-06,2878.050048828125,8.0,0.4892999999999999,0.0778971835970878
2018-09-07,2871.679931640625,9.0,0.3349444444444444,0.661150660779741
2018-09-10,2877.1298828125,22.0,0.0839636363636363,-0.0112816745584661
2018-09-11,2887.889892578125,11.0,0.2405818181818181,0.1469085433266379
2018-09-12,2888.919921875,12.0,0.149775,-0.0940834730863571
2018-09-13,2904.179931640625,17.0,0.1233058823529411,-0.0781714740921469
2018-09-14,2904.97998046875,30.0,0.0519533333333333,-0.0189266045888264
2018-09-17,2888.800048828125,29.0,0.2475931034482758,0.2068543619122998
2018-09-18,2904.31005859375,11.0,0.3369181818181818,0.3465203426100991
2018-09-19,2907.949951171875,9.0,0.3692888888888889,0.3065926763746474
2018-09-20,2930.75,11.0,0.3626545454545454,0.2034850283102555
2018-09-21,2929.669921875,24.0,0.225525,0.3524253020683924
2018-09-24,2919.3701171875,10.0,0.52,0.2786712944507599
2018-09-25,2915.56005859375,13.0,0.5279230769230769,0.5364910776798542
2018-09-26,2905.969970703125,13.0,0.2139076923076923,0.0769926126186664
2018-09-27,2914.0,1.0,0.0772,0.0
2018-09-28,2913.97998046875,0.0,0.0,0.0
2018-10-01,2924.590087890625,5.0,0.46246,0.5094417214393616
2018-10-02,2923.429931640625,10.0,0.7299100000000001,0.83305042386055
2018-10-03,2925.510009765625,15.0,0.5235533333333333,0.6498693227767944
2018-10-04,2901.610107421875,12.0,0.4610833333333333,0.5861974060535431
2018-10-05,2885.570068359375,10.0,0.3248499999999999,0.2319205939769744
2018-10-08,2884.429931640625,7.0,0.4026857142857142,0.8248820730618068
2018-10-09,2880.340087890625,17.0,0.3453235294117647,-0.0173068397185381
2018-10-10,2785.679931640625,22.0,0.2106545454545454,-0.0456225601109591
2018-10-11,2728.3701171875,8.0,0.2655375,6.0498714447021484e-06
2018-10-12,2767.1298828125,11.0,0.3524,0.4255449121648615
2018-10-15,2750.7900390625,9.0,0.0269666666666666,-0.106323801808887
2018-10-16,2809.919921875,19.0,-0.0071263157894736,0.1046400446640817
2018-10-17,2809.2099609375,19.0,0.3338157894736842,0.2937433468668084
2018-10-18,2768.780029296875,14.0,0.1306214285714285,0.0694505955491747
2018-10-19,2767.780029296875,11.0,0.2086181818181818,0.1818181493065574
2018-10-22,2755.8798828125,14.0,-0.0105142857142857,-0.0384715071746281
2018-10-23,2740.68994140625,13.0,0.4301307692307692,0.3805871101526114
2018-10-24,2656.10009765625,7.0,0.4787428571428571,0.4274699177060808
2018-10-25,2705.570068359375,18.0,0.0671666666666666,0.2637459437052409
2018-10-26,2658.68994140625,11.0,0.3846,0.0096371498974886
2018-10-29,2641.25,7.0,0.0147857142857142,-0.0430880955287388
2018-10-30,2682.6298828125,24.0,0.4704,0.5860812142491341
2018-10-31,2711.739990234375,15.0,0.2615466666666666,0.3262435793876648
2018-11-01,2740.3701171875,12.0,0.3229666666666667,0.1661598881085713
2018-11-02,2723.06005859375,9.0,0.4993777777777777,0.4186445739534166
2018-11-05,2738.31005859375,17.0,0.3358176470588235,0.2509856609737171
2018-11-06,2755.449951171875,35.0,0.3298371428571428,0.2267158712659563
2018-11-07,2813.889892578125,14.0,0.4955857142857143,0.5241131825106484
2018-11-08,2806.830078125,2.0,-0.0778499999999999,0.0
2018-11-09,2781.010009765625,12.0,0.1373833333333333,-0.1221602360407511
2018-11-12,2726.219970703125,9.0,0.0632888888888888,-0.323740091588762
2018-11-13,2722.179931640625,14.0,-0.0660642857142857,-0.0492129325866699
2018-11-14,2701.580078125,5.0,0.58944,0.5531104445457459
2018-11-15,2730.199951171875,9.0,0.1197888888888888,0.3713426987330119
2018-11-16,2736.27001953125,4.0,0.6185,0.6784773021936417
2018-11-19,2690.72998046875,7.0,0.0850714285714285,0.2856447952134268
2018-11-20,2641.889892578125,3.0,0.5814,0.0
2018-11-21,2649.929931640625,13.0,0.1684538461538461,-0.0070957128818218
2018-11-23,2632.56005859375,5.0,0.17052,0.599999976158142
2018-11-26,2673.449951171875,10.0,0.07468,0.1494115054607391
2018-11-27,2682.169921875,9.0,0.0611888888888888,-0.2787711024284363
2018-11-28,2743.7900390625,15.0,0.1833133333333333,0.1999372442563375
2018-11-29,2737.800048828125,14.0,0.2725571428571428,0.3312889422689165
2018-11-30,2760.169921875,11.0,0.3272818181818182,0.4514928676865317
2018-12-03,2790.3701171875,12.0,0.2783666666666667,0.1716198076804479
2018-12-04,2700.06005859375,10.0,0.37753,0.0824708461761474
2018-12-06,2695.949951171875,4.0,0.36445,0.4989528805017471
2018-12-07,2633.080078125,23.0,0.2345173913043478,0.3476454952488775
2018-12-10,2637.719970703125,3.0,-0.1942333333333333,0.0
2018-12-11,2636.780029296875,13.0,0.1795153846153846,0.294635703930488
2018-12-12,2651.070068359375,3.0,-0.1072333333333333,0.2751845916112264
2018-12-13,2650.5400390625,13.0,0.0827384615384615,-0.0731022678888761
2018-12-14,2599.949951171875,7.0,0.4753857142857143,0.9883985263960702
2018-12-17,2545.93994140625,6.0,0.8036833333333333,0.9956869880358378
2018-12-18,2546.159912109375,11.0,0.0997,-0.2501785809343511
2018-12-19,2506.9599609375,13.0,0.4108846153846154,0.3067765694398146
2018-12-20,2467.419921875,17.0,0.1422823529411764,0.2241582905544954
2018-12-21,2416.6201171875,20.0,0.284735,0.2433114349842071
2018-12-24,2351.10009765625,18.0,0.2476388888888888,0.0590397318204244
2018-12-26,2467.699951171875,1.0,0.8271,0.9999442100524902
2018-12-27,2488.830078125,12.0,-0.09455,0.037778615951538
2018-12-28,2485.739990234375,5.0,0.13018,0.1618907332420349
2018-12-31,2506.85009765625,12.0,-0.0769333333333333,0.0008676797151565
2019-01-02,2510.030029296875,3.0,0.3316666666666666,0.0006985267003377
2019-01-03,2447.889892578125,7.0,0.3552285714285714,0.2851638112749372
2019-01-04,2531.93994140625,7.0,0.6061857142857142,0.1450450760977608
2019-01-07,2549.68994140625,6.0,-0.1672833333333333,0.2519651055335998
2019-01-08,2574.409912109375,5.0,0.76128,0.9366978526115416
2019-01-09,2584.9599609375,6.0,0.2337,0.4994866549968719
2019-01-10,2596.639892578125,17.0,0.1102058823529411,0.0786170573795543
2019-01-11,2596.260009765625,14.0,0.1129857142857142,0.0235709037099565
2019-01-14,2582.610107421875,24.0,0.1604291666666666,0.0393719350298245
2019-01-15,2610.300048828125,19.0,0.1258894736842105,0.1328233966701909
2019-01-16,2616.10009765625,2.0,-0.3308,0.0
2019-01-17,2635.9599609375,3.0,-0.5949333333333334,0.0
2019-01-18,2670.7099609375,14.0,0.0916142857142857,-0.0472423476832253
2019-01-22,2632.89990234375,13.0,-0.0328538461538461,0.0164781533754788
2019-01-23,2638.699951171875,8.0,-0.055275,0.0258161053061485
2019-01-24,2642.330078125,10.0,0.0840799999999999,0.4447207152843475
2019-01-25,2664.760009765625,3.0,-0.0816333333333333,0.3019072413444519
2019-01-28,2643.85009765625,7.0,0.5033142857142857,0.1710929785455976
2019-01-29,2640.0,3.0,-0.2759666666666666,0.0
2019-01-30,2681.050048828125,12.0,0.0313916666666666,0.3318072855472564
2019-01-31,2704.10009765625,16.0,-0.00186875,-0.0955989509820938
2019-02-01,2706.530029296875,12.0,0.2401083333333333,0.3276278674602508
2019-02-04,2724.8701171875,1.0,0.7579,0.9999998807907104
2019-02-05,2737.699951171875,4.0,0.146325,-0.2215647995471954
2019-02-06,2731.610107421875,3.0,0.0,0.0
2019-02-07,2706.050048828125,6.0,-0.22385,0.0248085657755533
2019-02-08,2707.8798828125,10.0,0.53963,0.534126591682434
2019-02-11,2709.800048828125,8.0,-0.0672374999999999,0.1193390414118766
2019-02-12,2744.72998046875,8.0,0.3024625,0.0446199625730514
2019-02-13,2753.030029296875,9.0,0.5195222222222222,0.4380005200703938
2019-02-14,2745.72998046875,7.0,-0.5524857142857142,-0.0237500241824558
2019-02-15,2775.60009765625,5.0,0.12844,0.2222850680351257
2019-02-19,2779.760009765625,15.0,-0.1761133333333333,-0.1096752365430196
2019-02-20,2784.699951171875,10.0,-0.30138,-0.1821031272411346
2019-02-21,2774.8798828125,5.0,0.3377199999999999,0.5739234447479248
2019-02-22,2792.669921875,8.0,0.3071625,0.2500049471855163
2019-02-25,2796.110107421875,17.0,0.4446294117647059,0.345969310578178
2019-02-26,2793.89990234375,4.0,0.317925,0.4999635517597198
2019-02-27,2792.3798828125,14.0,-0.0303071428571428,0.1537126983915056
2019-02-28,2784.489990234375,2.0,0.42955,0.4920728504657745
2019-03-01,2803.68994140625,13.0,0.2365230769230769,0.2521577431605412
2019-03-04,2792.81005859375,16.0,0.0526562499999999,0.1046850271522998
2019-03-05,2789.64990234375,18.0,-0.0155166666666666,0.1265710559156206
2019-03-06,2771.449951171875,13.0,-0.2649307692307692,-0.0665534184529231
2019-03-07,2748.929931640625,5.0,-0.10952,0.0003827691078186
2019-03-08,2743.070068359375,34.0,0.1180647058823529,0.1894481725552503
2019-03-11,2783.300048828125,15.0,-0.0864533333333333,-0.1272858460744222
2019-03-12,2791.52001953125,6.0,-0.0328666666666666,0.0137999355792999
2019-03-13,2810.919921875,35.0,0.0337514285714285,0.2385374239512852
2019-03-14,2808.47998046875,13.0,-0.0428846153846153,-0.0418288386785067
2019-03-15,2822.47998046875,11.0,0.0089363636363636,0.0914971557530489
2019-03-18,2832.93994140625,11.0,0.2818,0.3529676253145391
2019-03-19,2832.570068359375,8.0,-0.0095375,0.3103126734495163
2019-03-20,2824.22998046875,10.0,0.26344,0.0020985066890716
2019-03-21,2854.8798828125,6.0,0.4809666666666666,0.2833317617575328
2019-03-22,2800.7099609375,12.0,0.3403166666666666,0.3584730575482051
2019-03-25,2798.360107421875,7.0,0.5978142857142857,0.5668905888284955
2019-03-26,2818.4599609375,16.0,0.0268874999999999,-0.0180737301707267
2019-03-27,2805.3701171875,7.0,-0.0930142857142856,-0.1424845882824489
2019-03-28,2815.43994140625,10.0,-0.22725,-0.4668072700500488
2019-03-29,2834.39990234375,13.0,0.1908461538461538,0.6242747719471271
2019-04-01,2867.18994140625,8.0,-0.075375,-0.1655015647411346
2019-04-02,2867.239990234375,16.0,0.1308,-0.0010864697396755
2019-04-03,2873.39990234375,4.0,0.439525,0.4045500755310058
2019-04-04,2879.389892578125,10.0,-0.0167299999999999,0.1956015884876251
2019-04-05,2892.739990234375,20.0,0.174245,0.2236707955598831
2019-04-08,2895.77001953125,10.0,-0.0010099999999999,0.0038398802280426
2019-04-09,2878.199951171875,16.0,0.0193374999999999,0.1260873414576053
2019-04-10,2888.2099609375,12.0,0.2094666666666667,0.2494887908299764
2019-04-11,2888.320068359375,11.0,0.1186636363636363,0.0282199707898226
2019-04-12,2907.409912109375,14.0,-0.0077999999999999,0.170826928956168
2019-04-15,2905.580078125,21.0,0.0731523809523809,0.1109307607014973
2019-04-16,2907.06005859375,6.0,-0.0731166666666666,-0.1313169995943705
2019-04-17,2900.449951171875,11.0,0.1289636363636363,0.0910500179637562
2019-04-18,2905.030029296875,19.0,0.1059473684210526,0.106721818447113
2019-04-22,2907.969970703125,42.0,-0.0428214285714285,0.0965195709750765
2019-04-23,2933.679931640625,19.0,0.0398842105263157,0.2432790712306374
2019-04-24,2927.25,17.0,0.2461176470588235,0.0447624325752258
2019-04-25,2926.169921875,21.0,-0.1567904761904762,-0.1615956397283645
2019-04-26,2939.8798828125,12.0,0.314975,0.2194524308045705
2019-04-29,2943.030029296875,11.0,0.2219545454545454,0.1936913132667541
2019-04-30,2945.830078125,11.0,0.0491818181818181,0.053692725571719
2019-05-01,2923.72998046875,68.0,0.036310294117647,0.0168364661581376
2019-05-02,2917.52001953125,23.0,0.200491304347826,-0.0214126498802848
2019-05-03,2945.639892578125,21.0,0.1023904761904761,0.2529070121901376
2019-05-06,2932.469970703125,14.0,0.2561,0.3116801508835384
2019-05-07,2884.050048828125,3.0,0.4470666666666667,0.0
2019-05-08,2879.419921875,38.0,0.0996210526315789,0.1168798490574485
2019-05-09,2870.719970703125,6.0,0.5048,0.4999993046124776
2019-05-10,2881.39990234375,41.0,0.3590341463414634,0.1341446289202062
2019-05-13,2811.8701171875,29.0,0.1513,0.3195058518442614
2019-05-14,2834.409912109375,16.0,0.5785625,0.631111390888691
2019-05-15,2850.9599609375,8.0,0.4499875,0.374995082616806
2019-05-16,2876.320068359375,10.0,0.14114,0.0857471525669097
2019-05-17,2859.530029296875,15.0,0.0397066666666666,0.12943776845932
2019-05-20,2840.22998046875,19.0,0.1195842105263157,0.1026138726033662
2019-05-21,2864.360107421875,16.0,0.39625,0.3786589726805687
2019-05-22,2856.27001953125,34.0,0.0594794117647058,0.089532394619549
2019-05-23,2822.239990234375,14.0,-0.1089714285714285,0.0700260145323617
2019-05-24,2826.06005859375,27.0,0.3452148148148148,0.3799338274531894
2019-05-28,2802.389892578125,9.0,0.0248,-0.0873159501287672
2019-05-29,2783.02001953125,8.0,0.359175,-0.1237589865922927
2019-05-30,2788.860107421875,19.0,-0.0185578947368421,0.0811287666621961
2019-05-31,2752.06005859375,15.0,0.0283,0.0001738945643107
2019-06-03,2744.449951171875,21.0,0.2378380952380952,0.1267539716902233
2019-06-04,2803.27001953125,6.0,0.1495,0.2724705537160237
2019-06-05,2826.14990234375,15.0,0.1135333333333333,0.1410601377487182
2019-06-06,2843.489990234375,11.0,0.2865909090909091,0.0556358098983764
2019-06-07,2873.340087890625,14.0,-0.0548714285714285,0.3472700544766017
2019-06-10,2886.72998046875,15.0,0.0847333333333333,0.0644376198450724
2019-06-11,2885.719970703125,19.0,0.2489263157894737,0.1903531269023293
2019-06-12,2879.840087890625,9.0,0.191,0.3623344831996494
2019-06-13,2891.639892578125,37.0,0.1876486486486486,0.1675799360146393
2019-06-14,2886.97998046875,14.0,0.2939857142857143,0.3180297996316637
2019-06-17,2889.669921875,9.0,0.4261333333333333,0.480683426062266
2019-06-18,2917.75,16.0,0.2741125,0.0771420821547508
2019-06-19,2926.4599609375,15.0,0.1791466666666666,0.066666571299235
2019-06-20,2954.179931640625,6.0,0.1751166666666666,0.4250876307487488
2019-06-21,2950.4599609375,6.0,-0.4752166666666667,-0.3300132056077321
2019-06-24,2945.35009765625,13.0,0.1102230769230769,0.3487863678198594
2019-06-25,2917.3798828125,13.0,0.3414230769230769,0.5202558544965891
2019-06-26,2913.780029296875,44.0,0.2386863636363636,0.1882674558596177
2019-06-27,2924.919921875,10.0,0.07607,0.17911057472229
2019-06-28,2941.760009765625,6.0,0.3356999999999999,0.3320269087950389
2019-07-01,2964.330078125,17.0,0.3827705882352941,0.5834645769175362
2019-07-02,2973.010009765625,14.0,0.3689428571428572,0.2812023631164005
2019-07-03,2995.820068359375,18.0,0.3843777777777777,0.2271205716662936
2019-07-05,2990.409912109375,37.0,0.2985324324324324,0.2659197804090139
2019-07-08,2975.949951171875,13.0,-0.0267538461538461,0.083091873389024
2019-07-09,2979.6298828125,14.0,0.2165642857142857,0.0040866562298366
2019-07-10,2993.070068359375,20.0,0.207925,0.2242477297782898
2019-07-11,2999.909912109375,32.0,0.311528125,0.1904349625110626
2019-07-12,3013.77001953125,54.0,0.2197592592592592,0.1097328375886987
2019-07-15,3014.300048828125,18.0,-0.3043722222222222,-0.0086635715431637
2019-07-16,3004.0400390625,12.0,0.2660416666666667,0.3411239484945933
2019-07-17,2984.419921875,14.0,-0.0400428571428571,0.0717197826930454
2019-07-18,2995.110107421875,14.0,0.1856357142857143,0.1729836549077715
2019-07-19,2976.610107421875,24.0,0.095575,0.1060725425680478
2019-07-22,2985.030029296875,18.0,-0.3896722222222222,-0.1219342483414544
2019-07-23,3005.469970703125,20.0,0.2445249999999999,0.302433979511261
2019-07-24,3019.56005859375,30.0,0.1433566666666666,-0.1323034922281901
2019-07-25,3003.669921875,26.0,0.36705,0.2753734519848457
2019-07-26,3025.860107421875,15.0,0.3383866666666666,0.0910834908485412
2019-07-29,3020.969970703125,24.0,0.1366291666666666,0.2102251152197519
2019-07-30,3013.179931640625,27.0,0.1516481481481481,-0.0074751310878329
2019-07-31,2980.3798828125,19.0,0.1051105263157894,-0.0094823617684213
2019-08-01,2953.56005859375,13.0,0.3007230769230769,0.385242760181427
2019-08-02,2932.050048828125,13.0,0.4267,0.2267093658447265
2019-08-05,2844.739990234375,11.0,-0.3386272727272727,-0.1960485469211231
2019-08-06,2881.77001953125,18.0,0.0344,0.1439146432611677
2019-08-07,2883.97998046875,20.0,0.11716,0.0527501106262207
2019-08-08,2938.090087890625,18.0,0.1317555555555555,0.2368631528483497
2019-08-09,2918.64990234375,9.0,-0.0327666666666666,0.1045537524753146
2019-08-12,2882.699951171875,19.0,0.2645842105263158,0.0835849266303213
2019-08-13,2926.320068359375,39.0,0.0153794871794871,-0.0865595325445517
2019-08-14,2840.60009765625,25.0,0.220788,0.2187285494804382
2019-08-15,2847.60009765625,33.0,0.0349484848484848,0.00296833208113
2019-08-16,2888.679931640625,22.0,0.3093727272727273,0.2366714558818123
2019-08-19,2923.64990234375,19.0,0.1787368421052631,0.2121515336789582
2019-08-20,2900.510009765625,34.0,0.1298176470588235,0.1188946418902453
2019-08-21,2924.429931640625,24.0,0.2754791666666666,0.011677760630846
2019-08-22,2922.949951171875,12.0,0.6436333333333333,0.5056522339582443
2019-08-23,2847.110107421875,46.0,0.2445217391304347,0.2250195534332938
2019-08-26,2878.3798828125,11.0,0.3934090909090909,0.2366941408677534
2019-08-27,2869.159912109375,19.0,0.1830105263157894,0.3477246118219275
2019-08-28,2887.93994140625,15.0,0.1479466666666666,0.2683254241943359
2019-08-29,2924.580078125,14.0,-0.0438714285714285,0.0096619597503117
2019-08-30,2926.4599609375,22.0,0.0517863636363636,-0.1357997276566245
2019-09-03,2906.27001953125,21.0,-0.0578333333333333,-0.179499918506259
2019-09-04,2937.780029296875,25.0,0.031152,0.0815880274772644
2019-09-05,2976.0,29.0,0.0659413793103448,0.1086232806074208
2019-09-06,2978.7099609375,24.0,0.2004916666666666,0.1938006530205408
2019-09-09,2978.429931640625,35.0,0.2727514285714286,0.1966080512319292
2019-09-10,2979.389892578125,26.0,0.2885999999999999,0.523597002029419
2019-09-11,3000.929931640625,31.0,0.4679096774193548,0.3408489419567969
2019-09-12,3009.570068359375,26.0,0.2142730769230769,0.2216683030128479
2019-09-13,3007.389892578125,16.0,0.30998125,0.3941454440355301
2019-09-16,2997.9599609375,31.0,0.0663516129032258,0.0847165969110304
2019-09-17,3005.699951171875,11.0,0.0618363636363636,0.1813384294509887
2019-09-18,3006.72998046875,41.0,0.2183853658536585,0.1455674985559975
2019-09-19,3006.7900390625,7.0,0.2331714285714285,0.1007471340043204
2019-09-20,2992.070068359375,15.0,0.36584,0.126007068157196
2019-09-23,2991.780029296875,12.0,0.1167916666666666,0.0727792580922444
2019-09-24,2966.60009765625,17.0,0.1264647058823529,0.2665565785239724
2019-09-25,2984.8701171875,32.0,0.07510625,-0.0802168603986501
2019-09-26,2977.6201171875,54.0,0.0554333333333333,0.0351522520736411
2019-09-27,2961.7900390625,17.0,-0.1514294117647059,0.0821564372848061
2019-09-30,2976.739990234375,31.0,0.120116129032258,0.0766850979097427
2019-10-01,2940.25,29.0,0.3012655172413793,0.2708305880941193
2019-10-02,2887.610107421875,23.0,0.0957608695652173,-0.0413417842077172
2019-10-03,2910.6298828125,41.0,0.1519317073170731,0.1258111828710974
2019-10-04,2952.010009765625,33.0,0.2115393939393939,0.0522747382973179
2019-10-07,2938.7900390625,25.0,0.01436,0.0859381437301635
2019-10-08,2893.06005859375,50.0,0.162134,0.1870815932750701
2019-10-09,2919.39990234375,47.0,0.0527744680851063,0.0793355823831355
2019-10-10,2938.1298828125,21.0,-0.1096238095238095,-6.608168284098308e-05
2019-10-11,2970.27001953125,52.0,0.2456942307692307,0.1853674994065211
2019-10-14,2966.14990234375,30.0,0.0706199999999999,0.1189769486586252
2019-10-15,2995.679931640625,14.0,0.00105,0.1340971035616738
2019-10-16,2989.68994140625,24.0,0.0858166666666666,0.2270023810366789
2019-10-17,2997.949951171875,31.0,0.0758516129032258,0.01448877011576
2019-10-18,2986.199951171875,20.0,0.12501,0.210369536280632
2019-10-21,3006.719970703125,15.0,0.28216,0.1528567830721537
2019-10-22,2995.989990234375,41.0,0.0806585365853658,0.194881087396203
2019-10-23,3004.52001953125,46.0,0.1030021739130434,-0.0128553457882093
2019-10-24,3010.2900390625,14.0,0.24635,-0.0707877491201673
2019-10-25,3022.550048828125,42.0,0.0952166666666666,0.0574936746131806
2019-10-28,3039.419921875,14.0,0.1205714285714285,0.0716704726219177
2019-10-29,3036.889892578125,48.0,-0.0262499999999999,-0.0461088505884011
2019-10-30,3046.77001953125,34.0,0.1067941176470588,-0.0011709087035235
2019-10-31,3037.56005859375,36.0,-0.0313027777777777,-0.1744434121582243
2019-11-01,3066.909912109375,37.0,0.0574648648648648,0.1274277422879193
2019-11-04,3078.27001953125,38.0,-0.0036815789473684,-0.0057025238087302
2019-11-05,3074.6201171875,40.0,0.18097,0.1972918421030044
2019-11-06,3076.780029296875,23.0,0.2655434782608695,0.0955398912015168
2019-11-07,3085.179931640625,18.0,-0.0818277777777777,-0.0406473709477318
2019-11-08,3093.080078125,5.0,0.3602999999999999,0.1999969720840454
2019-11-11,3087.010009765625,33.0,0.2151909090909091,0.210473768638842
2019-11-12,3091.840087890625,14.0,0.0171214285714285,0.0715702303818294
2019-11-13,3094.0400390625,42.0,-0.0613738095238095,-0.1692456532092321
2019-11-14,3096.6298828125,34.0,-0.0123558823529411,-0.1225204660611994
2019-11-15,3120.4599609375,37.0,0.0848054054054054,0.0358250205581252
2019-11-18,3122.030029296875,12.0,0.181325,0.1308189382155736
2019-11-19,3120.179931640625,36.0,-0.0654833333333333,-0.1050761822197172
2019-11-20,3108.4599609375,36.0,0.1219472222222222,0.1754441062609354
2019-11-21,3103.5400390625,33.0,0.0507272727272727,-0.0228384191339666
2019-11-22,3110.2900390625,27.0,0.046937037037037,0.0139029997366446
2019-11-25,3133.639892578125,10.0,0.50007,0.3329542279243469
2019-11-26,3140.52001953125,23.0,-0.0078695652173913,0.2036480903625488
2019-11-27,3153.6298828125,9.0,0.3458333333333333,0.3332122100724114
2019-11-29,3140.97998046875,3.0,0.2944666666666666,0.0
2019-12-02,3113.8701171875,34.0,0.3217294117647059,0.2801697762573467
2019-12-03,3093.199951171875,33.0,0.1714454545454545,0.1568345301079027
2019-12-04,3112.760009765625,31.0,0.0774290322580645,0.0416944219220069
2019-12-05,3117.429931640625,25.0,0.134924,0.1838582491874694
2019-12-06,3145.909912109375,25.0,-0.0750919999999999,-0.0410375452041626
2019-12-09,3135.9599609375,18.0,0.0236333333333333,0.111014809873369
2019-12-10,3132.52001953125,48.0,0.2802520833333333,0.2476118343571821
2019-12-11,3141.6298828125,77.0,0.0598766233766233,0.0167745514349503
2019-12-12,3168.570068359375,112.0,-0.0016723214285714,0.0630051871495587
2019-12-13,3168.800048828125,30.0,0.0493066666666666,0.0026179810365041
2019-12-16,3191.449951171875,55.0,0.10138,0.1790485241196372
2019-12-17,3192.52001953125,16.0,0.449225,0.6034987531602383
2019-12-18,3191.139892578125,53.0,0.0261754716981132,-0.0750537638394337
2019-12-19,3205.3701171875,80.0,-0.0210775,-0.0521777264773845
2019-12-20,3221.219970703125,41.0,0.2447048780487805,0.1367811749621135
2019-12-23,3224.010009765625,28.0,-0.1741071428571428,0.1180967709847859
2019-12-24,3223.3798828125,14.0,0.0771357142857142,-0.0388069152832031
2019-12-26,3239.909912109375,21.0,-0.3373095238095238,-0.1362550883066086
2019-12-27,3240.02001953125,29.0,0.220103448275862,0.2130883849900344
2019-12-30,3221.2900390625,3.0,-0.0070666666666666,0.3312517404556274
2019-12-31,3230.780029296875,35.0,0.1371371428571428,0.1180242410727909
2020-01-02,3257.85009765625,17.0,0.0089705882352941,0.1199511394781224
2020-01-03,3234.85009765625,31.0,-0.1192516129032258,-0.1098134575351592
2020-01-06,3246.280029296875,6.0,0.1876166666666666,-0.1476621727148691
2020-01-07,3237.179931640625,33.0,0.0347969696969696,-0.0350216952237215
2020-01-08,3253.050048828125,2.0,0.4246,0.4999999403953552
2020-01-09,3274.699951171875,29.0,0.0458241379310344,0.1603768570669766
2020-01-10,3265.35009765625,39.0,0.2119307692307692,0.1521316736172407
2020-01-13,3288.1298828125,25.0,-0.0371639999999999,0.1387504696846008
2020-01-14,3283.14990234375,7.0,0.1410571428571428,0.232776505606515
2020-01-15,3289.2900390625,36.0,0.20745,0.1047015372249815
2020-01-16,3316.81005859375,19.0,0.4147736842105263,0.1303973731241728
2020-01-17,3329.6201171875,38.0,0.2992210526315789,0.2169600411465293
2020-01-21,3320.7900390625,11.0,0.5177090909090909,0.5447005358609286
2020-01-22,3321.75,144.0,0.0182326388888888,0.0109495936582485
2020-01-23,3325.5400390625,25.0,-0.065996,-0.1247928237915039
2020-01-24,3295.469970703125,59.0,-0.0443762711864406,-0.0968668410333536
2020-01-27,3243.6298828125,18.0,0.0642666666666666,-0.0175723234812418
2020-01-28,3276.239990234375,51.0,0.2124823529411764,0.1764645003804973
2020-01-29,3273.39990234375,39.0,0.1299358974358974,0.0189103667552654
2020-01-30,3283.659912109375,34.0,0.1213499999999999,0.0740493983030319
2020-01-31,3225.52001953125,22.0,0.1479409090909091,9.05530019239946e-05
2020-02-03,3248.919921875,31.0,0.5011548387096775,0.4558842355205166
2020-02-04,3297.590087890625,53.0,0.1105981132075471,0.055687685057802
2020-02-05,3334.68994140625,31.0,0.050574193548387,0.110477082190975
2020-02-06,3345.780029296875,8.0,0.2229249999999999,0.0166524499654769
2020-02-07,3327.7099609375,65.0,0.074896923076923,0.0535841529185955
2020-02-10,3352.090087890625,13.0,0.3255923076923076,0.1829150777596693
2020-02-11,3357.75,33.0,0.0946212121212121,0.1244329105723987
2020-02-12,3379.449951171875,32.0,0.19893125,0.0673002991825342
2020-02-13,3373.93994140625,9.0,0.0353555555555555,-0.1092812087800767
2020-02-14,3380.159912109375,24.0,0.5557291666666667,0.3249468381206195
2020-02-18,3370.2900390625,43.0,0.0937488372093023,0.0239319094391756
2020-02-19,3386.14990234375,33.0,-0.1165818181818181,-0.1036359378785798
2020-02-20,3373.22998046875,36.0,0.2667083333333333,0.2729040823049015
2020-02-21,3337.75,33.0,0.2195121212121212,0.2449112552585023
2020-02-24,3225.889892578125,34.0,0.2358735294117647,0.123185866019305
2020-02-25,3128.2099609375,22.0,0.1162818181818181,-0.1053310741077769
2020-02-26,3116.389892578125,48.0,0.1150083333333333,0.2320059003929297
2020-02-27,2978.760009765625,5.0,0.3619,0.3546642541885376
2020-02-28,2954.219970703125,22.0,0.0657909090909091,0.1547767465764826
2020-03-02,3090.22998046875,61.0,0.3831213114754098,0.2715432165098972
2020-03-03,3003.3701171875,23.0,0.3116782608695652,0.0772615230601766
2020-03-04,3130.1201171875,46.0,0.277795652173913,0.0616380909214849
2020-03-05,3023.93994140625,26.0,0.0225807692307692,-0.0706817507743835
2020-03-06,2972.3701171875,34.0,0.3333264705882353,0.253701685106053
2020-03-09,2746.56005859375,35.0,0.0746028571428571,0.1034756984029497
2020-03-10,2882.22998046875,27.0,0.3107888888888889,0.2095287442207336
2020-03-11,2741.3798828125,29.0,0.4034931034482759,0.3336114472356336
2020-03-12,2480.639892578125,39.0,0.2083820512820512,0.1308415104181338
2020-03-13,2711.02001953125,25.0,-0.023968,0.0117215585708618
2020-03-16,2386.1298828125,14.0,0.2709857142857143,0.2880335109574454
2020-03-17,2529.18994140625,48.0,0.1051229166666666,0.0645418111234903
2020-03-18,2398.10009765625,34.0,0.2715970588235294,0.1882751303560593
2020-03-19,2409.389892578125,13.0,0.3219307692307692,0.3333454407178439
2020-03-20,2304.919921875,55.0,0.1950436363636363,0.1008749831806529
2020-03-23,2237.39990234375,41.0,0.0782560975609756,0.0820985610892133
2020-03-24,2447.330078125,43.0,0.1452139534883721,0.0844820446746293
2020-03-25,2475.56005859375,30.0,0.1299266666666666,0.3618436853090922
2020-03-26,2630.070068359375,8.0,0.1896,0.3570978343486786
2020-03-27,2541.469970703125,22.0,0.4067,0.1417007906870408
2020-03-30,2626.64990234375,12.0,0.2992666666666667,0.2791430552800496
2020-03-31,2584.590087890625,24.0,0.2117583333333333,0.2281846478581428
2020-04-01,2470.5,5.0,-0.08804,0.4127410531044006
2020-04-02,2526.89990234375,15.0,0.09608,0.1292000412940979
2020-04-03,2488.64990234375,13.0,0.3505307692307692,0.3600501188865074
2020-04-06,2663.679931640625,17.0,-0.0296294117647058,0.0037332703085506
2020-04-07,2659.409912109375,12.0,0.356775,0.1663110554218292
2020-04-08,2749.97998046875,21.0,0.0818761904761904,0.0912559287888663
2020-04-09,2789.820068359375,8.0,0.198575,0.4419530555605888
2020-04-13,2761.6298828125,24.0,0.0864041666666666,0.2203082541624705
2020-04-14,2846.06005859375,11.0,0.2034363636363636,0.1804754517295143
2020-04-15,2783.360107421875,12.0,0.097275,0.0866998185714085
2020-04-16,2799.550048828125,6.0,-0.2001,-0.1687547067801157
2020-04-17,2874.56005859375,15.0,-0.0189466666666666,-0.0001424272855122
2020-04-20,2823.159912109375,10.0,0.34485,0.2998563706874847
2020-04-21,2736.56005859375,36.0,0.1511916666666666,0.1079298257827758
2020-04-22,2799.31005859375,22.0,0.1679045454545454,0.1906132968989285
2020-04-23,2797.800048828125,30.0,0.5248633333333333,0.4754939655462901
2020-04-24,2836.739990234375,29.0,0.3754620689655172,0.3863618456084153
2020-04-27,2878.47998046875,37.0,-0.0679567567567567,-0.0813311112893594
2020-04-28,2863.389892578125,20.0,0.136125,0.006426978111267
2020-04-29,2939.510009765625,21.0,0.2271285714285714,0.3864906685692923
2020-04-30,2912.429931640625,64.0,-0.0239828125,0.0104539161548018
2020-05-01,2830.7099609375,35.0,0.1647142857142857,0.211941545350211
2020-05-04,2842.739990234375,10.0,0.44501,0.5525972843170166
2020-05-05,2868.43994140625,33.0,0.2822969696969696,0.321585375251192
2020-05-06,2848.419921875,11.0,0.1819545454545454,0.5120726390318437
2020-05-07,2881.18994140625,8.0,0.2377625,0.0051655545830726
2020-05-08,2929.800048828125,9.0,0.4721333333333333,0.3331006964047749
2020-05-11,2930.18994140625,55.0,0.0091927272727272,0.1727706963365728
2020-05-12,2870.1201171875,52.0,0.077201923076923,0.0348239919314017
2020-05-13,2820.0,26.0,-0.0335807692307692,-0.0356620045808645
2020-05-14,2852.5,27.0,0.3221925925925926,0.2705603131541499
2020-05-15,2863.699951171875,39.0,0.1750153846153846,0.3064362834661435
2020-05-18,2953.909912109375,35.0,0.1379257142857143,0.0436231851577758
2020-05-19,2922.93994140625,19.0,0.1054578947368421,0.1918070849619413
2020-05-20,2971.610107421875,49.0,0.1480204081632653,0.0540501803767924
2020-05-21,2948.510009765625,22.0,0.1719,-0.0426115637475794
2020-05-22,2955.449951171875,48.0,0.2708645833333333,0.3449158892035484
2020-05-26,2991.77001953125,18.0,-0.0463111111111111,-0.0821507970492045
2020-05-27,3036.1298828125,39.0,-0.0195487179487179,-0.0956950202966347
2020-05-28,3029.72998046875,61.0,0.1030459016393442,0.0893400839117706
2020-05-29,3044.31005859375,15.0,0.0322733333333333,-0.0838180581728617
2020-06-01,3055.72998046875,13.0,-0.0645461538461538,0.0767914744523855
2020-06-02,3080.820068359375,76.0,0.1610236842105263,0.2171245036940825
2020-06-03,3122.8701171875,56.0,0.0042803571428571,-0.0041166288512093
2020-06-04,3112.35009765625,102.0,0.0483,0.1141511330417558
2020-06-05,3193.929931640625,152.0,0.2482249999999999,0.1878028272798186
2020-06-08,3232.389892578125,12.0,0.0522583333333333,-0.1655507981777191
2020-06-09,3207.179931640625,45.0,0.1619555555555555,0.2476711763275994
2020-06-10,3190.139892578125,17.0,0.4530647058823529,0.2459323195850148
2020-06-11,3002.10009765625,39.0,0.2669410256410257,0.1953349434412442
2020-06-12,3041.31005859375,36.0,0.0002916666666666,-0.0072943634457058
2020-06-15,3066.590087890625,10.0,0.0554299999999999,0.2933228611946106
2020-06-16,3124.739990234375,13.0,0.3786538461538461,0.3217659225830665
2020-06-17,3113.489990234375,20.0,0.1879249999999999,0.1499659895896911
2020-06-18,3115.340087890625,47.0,0.3803212765957446,0.2470145390388813
2020-06-19,3097.739990234375,20.0,0.28636,0.2000744462013244
2020-06-22,3117.860107421875,23.0,0.172291304347826,0.3040169425632643
2020-06-23,3131.2900390625,30.0,0.04577,0.1333333452542623
2020-06-24,3050.330078125,10.0,-0.03145,0.1002539753913879
2020-06-25,3083.760009765625,30.0,0.06082,0.2620986521244049
2020-06-26,3009.050048828125,14.0,0.0629571428571428,0.0003763820443834
2020-06-29,3053.239990234375,49.0,0.0414918367346938,0.1048749089241027
2020-06-30,3100.2900390625,28.0,0.0165785714285714,0.0587165057659149
2020-07-01,3115.860107421875,43.0,0.0311232558139534,0.0757697044416915
2020-07-02,3130.010009765625,21.0,0.1173238095238095,0.1373352152960641
2020-07-06,3179.719970703125,19.0,-0.2197947368421052,-0.1055137954260173
2020-07-07,3145.320068359375,7.0,-0.0062714285714285,-0.1152935453823634
2020-07-08,3169.93994140625,11.0,0.1856,0.0093289126049388
2020-07-09,3152.050048828125,22.0,-0.1206590909090909,-0.0967231149023229
2020-07-10,3185.0400390625,19.0,0.1102947368421052,0.1104585120552464
2020-07-13,3155.219970703125,21.0,0.1359666666666666,0.1323109439441136
2020-07-14,3197.52001953125,23.0,0.1593173913043478,0.0375904829605766
2020-07-15,3226.56005859375,31.0,0.1406774193548387,-0.0151772825948653
2020-07-16,3215.570068359375,12.0,0.2744083333333333,0.1665147046248118
2020-07-17,3224.72998046875,23.0,-0.1416521739130434,0.0720125747763592
2020-07-20,3251.840087890625,3.0,0.7012999999999999,0.6645196080207825
2020-07-21,3257.300048828125,9.0,0.2811222222222222,0.4444401264190674
2020-07-22,3276.02001953125,16.0,0.1472625,-0.1186811551451683
2020-07-23,3235.659912109375,55.0,-0.0521018181818181,-0.025254260409962
2020-07-24,3215.6298828125,15.0,0.30446,0.1587540666262308
2020-07-27,3239.409912109375,84.0,0.1061988095238095,0.1822994727463949
2020-07-28,3218.43994140625,39.0,-0.0365282051282051,-0.0294981400171915
2020-07-29,3258.43994140625,49.0,0.0961408163265306,0.030669482386842
2020-07-30,3246.219970703125,16.0,0.1985875,0.2419116087257862
2020-07-31,3271.1201171875,13.0,0.0957076923076923,0.1564107262171231
2020-08-03,3294.610107421875,26.0,-0.0705,0.1897266759322239
2020-08-04,3306.510009765625,30.0,0.2140533333333333,0.0188831428686777
2020-08-05,3327.77001953125,19.0,0.1048684210526315,0.0593302438133641
2020-08-06,3349.159912109375,35.0,0.0758428571428571,0.0250920176506042
2020-08-07,3351.280029296875,23.0,-0.0385130434782608,0.1900742364966351
2020-08-10,3360.469970703125,24.0,0.3637458333333334,0.1301999812324842
2020-08-11,3333.68994140625,11.0,0.2986363636363636,0.4457131190733476
2020-08-12,3380.35009765625,26.0,0.6745423076923077,0.5223746253893926
2020-08-13,3373.429931640625,17.0,0.3649941176470588,0.1394829224137699
2020-08-14,3372.85009765625,88.0,0.2127397727272727,0.1792114885015921
2020-08-17,3381.989990234375,40.0,0.1214075,0.0549639776349067
2020-08-18,3389.780029296875,48.0,-0.082375,-0.0542371347546577
2020-08-19,3374.85009765625,43.0,0.1673976744186046,0.0669917907825736
2020-08-20,3385.510009765625,38.0,0.0192552631578947,-0.0774322481531845
2020-08-21,3397.159912109375,13.0,0.3178307692307692,0.0414051321836618
2020-08-24,3431.280029296875,19.0,0.0831315789473684,0.0124080934022602
2020-08-25,3443.6201171875,18.0,0.2153833333333333,0.2173411084545983
2020-08-26,3478.72998046875,8.0,0.1997375,0.0336355939507484
2020-08-27,3484.550048828125,11.0,-0.0611181818181818,-0.0909047560258345
2020-08-28,3508.010009765625,14.0,0.3117357142857143,0.210481162582125
2020-08-31,3500.31005859375,15.0,-0.2404866666666666,-0.1828340093294779
2020-09-01,3526.64990234375,43.0,0.1158465116279069,0.0230078031850415
2020-09-02,3580.840087890625,42.0,0.0555380952380952,0.089001871290661
2020-09-03,3455.06005859375,26.0,0.2135884615384615,-0.0745350214151235
2020-09-04,3426.9599609375,17.0,0.2220588235294117,0.2137763710582957
2020-09-08,3331.840087890625,104.0,-0.041975,-0.0131715908646583
2020-09-09,3398.9599609375,59.0,0.3111,0.051300846924216
2020-09-10,3339.18994140625,53.0,0.0577075471698113,0.0748546056027682
2020-09-11,3340.969970703125,19.0,0.2423105263157895,0.1491792045141521
2020-09-14,3383.5400390625,102.0,0.0106705882352941,-0.086998701095581
2020-09-15,3401.199951171875,21.0,0.3013095238095238,-0.015845877783639
2020-09-16,3385.489990234375,33.0,0.1764696969696969,0.1823529763655229
2020-09-17,3357.010009765625,27.0,-0.0209629629629629,-0.049350447124905
2020-09-18,3319.469970703125,41.0,0.2567365853658536,0.2453813058574025
2020-09-21,3281.06005859375,21.0,0.3254523809523809,0.0421450393540518
2020-09-22,3315.570068359375,43.0,0.3338930232558139,0.1484627501909123
2020-09-23,3236.919921875,43.0,0.4439930232558139,0.322193373081296
2020-09-24,3246.590087890625,21.0,0.4017523809523809,0.2486776709556579
2020-09-25,3298.4599609375,81.0,0.0861185185185185,-0.0189710104907
2020-09-28,3351.60009765625,15.0,0.0011866666666666,0.0685658574104309
2020-09-29,3335.469970703125,29.0,0.1284758620689655,0.1110845948087758
2020-09-30,3363.0,64.0,-0.0146796875,0.0463652638718485
2020-10-01,3380.800048828125,57.0,-0.0794017543859649,-0.1550797203130889
2020-10-02,3348.419921875,2.0,0.4628,-0.3865064084529876
2020-10-05,3408.60009765625,29.0,0.2770896551724138,0.1694331261618384
2020-10-06,3360.969970703125,21.0,0.2775523809523809,0.1962691290037972
2020-10-07,3419.43994140625,103.0,0.0061825242718446,0.0008974827609015
2020-10-08,3446.830078125,36.0,0.0201305555555555,-0.0114065772957272
2020-10-09,3477.139892578125,34.0,0.0854970588235294,0.1008119320168214
2020-10-12,3534.219970703125,107.0,0.0292065420560747,0.0952848538617107
2020-10-13,3511.929931640625,89.0,0.0869977528089887,0.0252510074819071
2020-10-14,3488.669921875,25.0,0.250812,0.1382093834877014
2020-10-15,3483.340087890625,52.0,0.0730288461538461,0.0675585292852841
2020-10-16,3483.81005859375,75.0,0.2537813333333333,0.1056888675689697
2020-10-19,3426.919921875,25.0,0.208668,0.2976950860023498
2020-10-20,3443.1201171875,7.0,0.0250142857142857,0.1373984047344752
2020-10-21,3435.56005859375,32.0,0.287490625,0.1418917924165725
2020-10-22,3453.489990234375,26.0,0.1570884615384615,0.098242862866475
2020-10-23,3465.389892578125,38.0,0.1873394736842105,0.1348725761237897
2020-10-26,3400.969970703125,22.0,-0.1216681818181818,0.0934492837299
2020-10-27,3390.679931640625,97.0,0.2221762886597938,0.1381885409355163
2020-10-28,3271.030029296875,29.0,0.2393275862068965,0.294337287031371
2020-10-29,3310.110107421875,25.0,0.163824,0.0148368525505065
2020-10-30,3269.9599609375,60.0,0.1883116666666666,0.173401125272115
2020-11-02,3310.239990234375,62.0,0.1111693548387096,0.1700459814840747
2020-11-03,3369.159912109375,38.0,0.2071605263157894,0.2823239282557839
2020-11-04,3443.43994140625,16.0,-0.10191875,-0.1680676080286502
2020-11-05,3510.449951171875,12.0,-0.1791916666666666,5.310277144114176e-05
2020-11-06,3509.43994140625,12.0,0.144875,0.0807818224032719
2020-11-09,3550.5,12.0,0.2222833333333333,0.2174361944198608
2020-11-10,3545.530029296875,25.0,0.2074919999999999,0.0211360216140747
2020-11-11,3572.659912109375,29.0,0.0400827586206896,0.1347498914291118
2020-11-12,3537.010009765625,55.0,0.1403981818181818,-0.0416277029297568
2020-11-13,3585.14990234375,13.0,0.1599,0.0029360743669363
2020-11-16,3626.909912109375,45.0,-0.0133066666666666,-0.0500840849346584
2020-11-17,3609.530029296875,4.0,-0.3666,0.0
2020-11-18,3567.7900390625,35.0,-0.0833428571428571,-0.024777180807931
2020-11-19,3581.8701171875,26.0,0.0223730769230769,0.3068095881205339
2020-11-20,3557.5400390625,22.0,-0.0224318181818181,0.0518828142773021
2020-11-23,3577.590087890625,4.0,0.58865,0.6401267200708389
2020-11-24,3635.409912109375,17.0,-0.0261176470588235,-0.0365761062678168
2020-11-25,3629.64990234375,38.0,-0.0398315789473684,0.0293242852938802
2020-11-27,3638.35009765625,32.0,0.02240625,-0.2750798724591732
2020-11-30,3621.6298828125,26.0,-0.0143961538461538,0.0264560052981743
2020-12-01,3662.449951171875,34.0,-0.0836617647058823,-0.0575301734840168
2020-12-02,3669.010009765625,22.0,0.0221772727272727,-0.1290173638950694
2020-12-03,3666.719970703125,13.0,0.2582076923076923,0.2285308241844177
2020-12-04,3699.1201171875,28.0,0.2479035714285714,0.0640059432813099
2020-12-07,3691.9599609375,10.0,0.25146,-0.058615219593048
2020-12-08,3702.25,41.0,0.1735048780487804,-0.1021898781381002
2020-12-09,3672.820068359375,13.0,0.0445153846153846,0.1362783725445087
2020-12-10,3668.10009765625,23.0,0.1385434782608695,-0.0322057112403537
2020-12-11,3663.4599609375,19.0,0.3705473684210526,0.0941115962831597
2020-12-14,3647.489990234375,15.0,0.1298866666666666,0.0803213914235432
2020-12-15,3694.6201171875,15.0,-0.0639733333333333,0.062768546740214
2020-12-16,3701.169921875,16.0,-0.0682125,-0.1203415170311927
2020-12-17,3722.47998046875,11.0,-0.040390909090909,0.1077960458668795
2020-12-18,3709.409912109375,26.0,0.3672923076923077,0.0601586240988511
2020-12-21,3694.919921875,16.0,0.31674375,-0.0605531707406044
2020-12-22,3687.260009765625,6.0,0.1002,-0.2609551052252452
2020-12-23,3690.010009765625,8.0,-0.0422999999999999,-0.4468087702989578
2020-12-24,3703.06005859375,10.0,-0.16496,0.1183397114276886
2020-12-28,3735.360107421875,5.0,0.05936,1.2636184692382812e-05
2020-12-29,3727.0400390625,18.0,0.0498611111111111,-0.1108090513282352
2020-12-30,3732.0400390625,23.0,-0.1713565217391304,-0.0304699669713559
2020-12-31,3756.070068359375,0.0,0.0,0.0
