Close,date,tweet_count
2257.830078125,2017-01-03,10
2270.75,2017-01-04,10
2269.0,2017-01-05,6
2276.97998046875,2017-01-06,12
2268.89990234375,2017-01-09,8
2268.89990234375,2017-01-10,4
2275.320068359375,2017-01-11,7
2270.43994140625,2017-01-12,6
2274.639892578125,2017-01-13,8
2267.889892578125,2017-01-17,13
2271.889892578125,2017-01-18,8
2263.68994140625,2017-01-19,8
2271.31005859375,2017-01-20,13
2265.199951171875,2017-01-23,1
2280.070068359375,2017-01-24,4
2298.3701171875,2017-01-25,8
2296.679931640625,2017-01-26,11
2294.68994140625,2017-01-27,7
2280.89990234375,2017-01-30,7
2278.8701171875,2017-01-31,3
2279.550048828125,2017-02-01,4
2280.85009765625,2017-02-02,8
2297.419921875,2017-02-03,7
2292.56005859375,2017-02-06,6
2293.080078125,2017-02-07,5
2294.669921875,2017-02-08,11
2307.8701171875,2017-02-09,8
2316.10009765625,2017-02-10,3
2328.25,2017-02-13,3
2337.580078125,2017-02-14,6
2349.25,2017-02-15,11
2347.219970703125,2017-02-16,6
2351.159912109375,2017-02-17,8
2365.3798828125,2017-02-21,3
2362.820068359375,2017-02-22,2
2363.81005859375,2017-02-23,1
2367.340087890625,2017-02-24,6
2369.75,2017-02-27,2
2363.639892578125,2017-02-28,1
2395.9599609375,2017-03-01,3
2381.919921875,2017-03-02,1
2383.1201171875,2017-03-03,13
2375.31005859375,2017-03-06,4
2368.389892578125,2017-03-07,8
2362.97998046875,2017-03-08,6
2364.8701171875,2017-03-09,4
2372.60009765625,2017-03-10,3
2373.469970703125,2017-03-13,5
2365.449951171875,2017-03-14,2
2385.260009765625,2017-03-15,7
2381.3798828125,2017-03-16,7
2378.25,2017-03-17,9
2373.469970703125,2017-03-20,7
2344.02001953125,2017-03-21,4
2348.449951171875,2017-03-22,1
2345.9599609375,2017-03-23,7
2343.97998046875,2017-03-24,4
2341.590087890625,2017-03-27,1
2358.570068359375,2017-03-28,10
2361.1298828125,2017-03-29,4
2368.06005859375,2017-03-30,9
2362.719970703125,2017-03-31,8
2358.840087890625,2017-04-03,8
2360.159912109375,2017-04-04,4
2352.949951171875,2017-04-05,1
2357.489990234375,2017-04-06,2
2355.5400390625,2017-04-07,1
2357.159912109375,2017-04-10,3
2353.780029296875,2017-04-11,5
2344.929931640625,2017-04-12,6
2328.949951171875,2017-04-13,4
2349.010009765625,2017-04-17,8
2342.18994140625,2017-04-18,7
2338.169921875,2017-04-19,4
2355.840087890625,2017-04-20,4
2348.68994140625,2017-04-21,5
2374.14990234375,2017-04-24,7
2388.610107421875,2017-04-25,5
2387.449951171875,2017-04-26,9
2388.77001953125,2017-04-27,12
2384.199951171875,2017-04-28,4
2388.330078125,2017-05-01,2
2391.169921875,2017-05-02,4
2388.1298828125,2017-05-03,4
2389.52001953125,2017-05-04,10
2399.2900390625,2017-05-05,10
2399.3798828125,2017-05-08,10
2396.919921875,2017-05-09,2
2399.6298828125,2017-05-10,11
2394.43994140625,2017-05-11,6
2390.89990234375,2017-05-12,9
2402.320068359375,2017-05-15,1
2400.669921875,2017-05-16,6
2357.030029296875,2017-05-17,1
2365.719970703125,2017-05-18,4
2381.72998046875,2017-05-19,3
2394.02001953125,2017-05-22,2
2398.419921875,2017-05-23,4
2404.389892578125,2017-05-24,2
2415.070068359375,2017-05-25,4
2415.820068359375,2017-05-26,4
2412.909912109375,2017-05-30,5
2411.800048828125,2017-05-31,9
2430.06005859375,2017-06-01,5
2439.070068359375,2017-06-02,10
2436.10009765625,2017-06-05,8
2429.330078125,2017-06-06,10
2433.139892578125,2017-06-07,5
2431.77001953125,2017-06-09,7
2429.389892578125,2017-06-12,8
2440.35009765625,2017-06-13,10
2437.919921875,2017-06-14,4
2432.4599609375,2017-06-15,7
2433.14990234375,2017-06-16,7
2453.4599609375,2017-06-19,13
2437.030029296875,2017-06-20,6
2435.610107421875,2017-06-21,9
2434.5,2017-06-22,13
2438.300048828125,2017-06-23,7
2439.070068359375,2017-06-26,9
2419.3798828125,2017-06-27,14
2440.68994140625,2017-06-28,9
2419.699951171875,2017-06-29,13
2423.409912109375,2017-06-30,7
2429.010009765625,2017-07-03,10
2432.5400390625,2017-07-05,5
2409.75,2017-07-06,4
2425.179931640625,2017-07-07,7
2427.429931640625,2017-07-10,11
2425.530029296875,2017-07-11,7
2443.25,2017-07-12,14
2447.830078125,2017-07-13,4
2459.27001953125,2017-07-14,11
2459.139892578125,2017-07-17,3
2460.610107421875,2017-07-18,5
2473.830078125,2017-07-19,5
2473.449951171875,2017-07-20,3
2472.5400390625,2017-07-21,7
2469.909912109375,2017-07-24,9
2477.1298828125,2017-07-25,19
2477.830078125,2017-07-26,12
2475.419921875,2017-07-27,10
2472.10009765625,2017-07-28,9
2470.300048828125,2017-07-31,4
2476.35009765625,2017-08-01,3
2477.570068359375,2017-08-02,4
2472.159912109375,2017-08-03,10
2476.830078125,2017-08-04,16
2480.909912109375,2017-08-07,16
2474.919921875,2017-08-08,8
2474.02001953125,2017-08-09,11
2438.2099609375,2017-08-10,9
2441.320068359375,2017-08-11,8
2465.840087890625,2017-08-14,9
2464.610107421875,2017-08-15,10
2468.110107421875,2017-08-16,15
2430.010009765625,2017-08-17,12
2425.550048828125,2017-08-18,8
2428.3701171875,2017-08-21,3
2452.510009765625,2017-08-22,8
2444.0400390625,2017-08-23,10
2438.969970703125,2017-08-24,15
2443.050048828125,2017-08-25,14
2444.239990234375,2017-08-28,4
2446.300048828125,2017-08-29,6
2457.590087890625,2017-08-30,5
2471.64990234375,2017-08-31,5
2476.550048828125,2017-09-01,7
2457.85009765625,2017-09-05,6
2465.5400390625,2017-09-06,8
2465.10009765625,2017-09-07,12
2461.429931640625,2017-09-08,8
2488.110107421875,2017-09-11,2
2496.47998046875,2017-09-12,5
2498.3701171875,2017-09-13,3
2495.6201171875,2017-09-14,13
2500.22998046875,2017-09-15,14
2503.8701171875,2017-09-18,5
2506.64990234375,2017-09-19,9
2508.239990234375,2017-09-20,26
2500.60009765625,2017-09-21,9
2502.219970703125,2017-09-22,11
2496.659912109375,2017-09-25,9
2496.840087890625,2017-09-26,21
2507.0400390625,2017-09-27,12
2510.06005859375,2017-09-28,8
2519.360107421875,2017-09-29,12
2529.1201171875,2017-10-02,2
2534.580078125,2017-10-03,4
2537.739990234375,2017-10-04,13
2552.070068359375,2017-10-05,10
2549.330078125,2017-10-06,3
2544.72998046875,2017-10-09,3
2550.639892578125,2017-10-10,11
2555.239990234375,2017-10-11,15
2550.929931640625,2017-10-12,12
2553.169921875,2017-10-13,13
2557.639892578125,2017-10-16,9
2559.360107421875,2017-10-17,9
2561.260009765625,2017-10-18,17
2562.10009765625,2017-10-19,7
2575.2099609375,2017-10-20,11
2564.97998046875,2017-10-23,4
2569.1298828125,2017-10-24,8
2557.14990234375,2017-10-25,13
2560.39990234375,2017-10-26,11
2581.070068359375,2017-10-27,15
2572.830078125,2017-10-30,4
2575.260009765625,2017-10-31,15
2579.360107421875,2017-11-01,15
2579.85009765625,2017-11-02,14
2587.840087890625,2017-11-03,20
2591.1298828125,2017-11-06,7
2590.639892578125,2017-11-07,11
2594.3798828125,2017-11-08,12
2584.6201171875,2017-11-09,4
2582.300048828125,2017-11-10,9
2584.840087890625,2017-11-13,4
2578.8701171875,2017-11-14,8
2564.6201171875,2017-11-15,15
2585.639892578125,2017-11-16,7
2578.85009765625,2017-11-17,7
2582.139892578125,2017-11-20,4
2599.030029296875,2017-11-21,2
2597.080078125,2017-11-22,11
2602.419921875,2017-11-24,10
2601.419921875,2017-11-27,4
2627.0400390625,2017-11-28,15
2626.070068359375,2017-11-29,20
2647.580078125,2017-11-30,15
2642.219970703125,2017-12-01,9
2639.43994140625,2017-12-04,4
2629.570068359375,2017-12-05,2
2629.27001953125,2017-12-06,5
2636.97998046875,2017-12-07,9
2651.5,2017-12-08,8
2659.989990234375,2017-12-11,1
2664.110107421875,2017-12-12,5
2662.85009765625,2017-12-13,5
2652.010009765625,2017-12-14,7
2675.81005859375,2017-12-15,4
2690.159912109375,2017-12-18,13
2681.469970703125,2017-12-19,5
2679.25,2017-12-20,6
2684.570068359375,2017-12-21,5
2683.340087890625,2017-12-22,11
2680.5,2017-12-26,3
2682.6201171875,2017-12-27,2
2687.5400390625,2017-12-28,11
2673.610107421875,2017-12-29,8
2695.81005859375,2018-01-02,13
2713.06005859375,2018-01-03,4
2723.989990234375,2018-01-04,10
2743.14990234375,2018-01-05,6
2747.7099609375,2018-01-08,7
2751.2900390625,2018-01-09,5
2748.22998046875,2018-01-10,10
2767.56005859375,2018-01-11,8
2786.239990234375,2018-01-12,14
2776.419921875,2018-01-16,17
2802.56005859375,2018-01-17,5
2798.030029296875,2018-01-18,12
2810.300048828125,2018-01-19,6
2832.969970703125,2018-01-22,4
2839.1298828125,2018-01-23,6
2837.5400390625,2018-01-24,5
2839.25,2018-01-25,4
2872.8701171875,2018-01-26,7
2853.530029296875,2018-01-29,1
2823.81005859375,2018-01-31,1
2821.97998046875,2018-02-01,3
2762.1298828125,2018-02-02,6
2648.93994140625,2018-02-05,7
2695.139892578125,2018-02-06,5
2681.659912109375,2018-02-07,7
2581.0,2018-02-08,5
2619.550048828125,2018-02-09,4
2656.0,2018-02-12,3
2662.93994140625,2018-02-13,2
2698.6298828125,2018-02-14,4
2731.199951171875,2018-02-15,7
2732.219970703125,2018-02-16,3
2716.260009765625,2018-02-20,13
2701.330078125,2018-02-21,8
2703.9599609375,2018-02-22,10
2747.300048828125,2018-02-23,10
2744.280029296875,2018-02-27,8
2713.830078125,2018-02-28,10
2677.669921875,2018-03-01,6
2691.25,2018-03-02,13
2720.93994140625,2018-03-05,6
2728.1201171875,2018-03-06,8
2726.800048828125,2018-03-07,6
2738.969970703125,2018-03-08,5
2786.570068359375,2018-03-09,5
2783.02001953125,2018-03-12,6
2765.31005859375,2018-03-13,8
2749.47998046875,2018-03-14,10
2747.330078125,2018-03-15,6
2752.010009765625,2018-03-16,4
2712.919921875,2018-03-19,3
2716.93994140625,2018-03-20,2
2711.929931640625,2018-03-21,7
2643.68994140625,2018-03-22,8
2588.260009765625,2018-03-23,6
2658.550048828125,2018-03-26,4
2612.6201171875,2018-03-27,3
2605.0,2018-03-28,9
2640.8701171875,2018-03-29,4
2581.8798828125,2018-04-02,9
2614.449951171875,2018-04-03,13
2644.68994140625,2018-04-04,6
2662.840087890625,2018-04-05,4
2604.469970703125,2018-04-06,7
2613.159912109375,2018-04-09,5
2656.8701171875,2018-04-10,6
2642.18994140625,2018-04-11,11
2663.989990234375,2018-04-12,10
2656.300048828125,2018-04-13,6
2677.840087890625,2018-04-16,2
2706.389892578125,2018-04-17,24
2708.639892578125,2018-04-18,17
2693.1298828125,2018-04-19,14
2670.139892578125,2018-04-20,9
2670.2900390625,2018-04-23,4
2634.56005859375,2018-04-24,10
2639.39990234375,2018-04-25,7
2666.93994140625,2018-04-26,3
2669.909912109375,2018-04-27,11
2648.050048828125,2018-04-30,10
2654.800048828125,2018-05-01,7
2635.669921875,2018-05-02,7
2629.72998046875,2018-05-03,9
2663.419921875,2018-05-04,10
2672.6298828125,2018-05-07,11
2671.919921875,2018-05-08,7
2697.7900390625,2018-05-09,8
2723.070068359375,2018-05-10,5
2727.719970703125,2018-05-11,5
2730.1298828125,2018-05-14,7
2711.449951171875,2018-05-15,9
2722.4599609375,2018-05-16,10
2720.1298828125,2018-05-17,11
2712.969970703125,2018-05-18,11
2733.010009765625,2018-05-21,10
2724.43994140625,2018-05-22,2
2733.2900390625,2018-05-23,17
2727.760009765625,2018-05-24,11
2721.330078125,2018-05-25,18
2689.860107421875,2018-05-29,7
2724.010009765625,2018-05-30,10
2705.27001953125,2018-05-31,16
2734.6201171875,2018-06-01,6
2746.8701171875,2018-06-04,12
2748.800048828125,2018-06-05,18
2772.35009765625,2018-06-06,18
2770.3701171875,2018-06-07,20
2779.030029296875,2018-06-08,6
2782.0,2018-06-11,11
2786.85009765625,2018-06-12,12
2775.6298828125,2018-06-13,17
2782.489990234375,2018-06-14,7
2779.659912109375,2018-06-15,19
2773.75,2018-06-18,12
2762.590087890625,2018-06-19,9
2767.320068359375,2018-06-20,16
2749.760009765625,2018-06-21,19
2754.8798828125,2018-06-22,15
2717.070068359375,2018-06-25,21
2723.06005859375,2018-06-26,12
2699.6298828125,2018-06-27,17
2716.31005859375,2018-06-28,14
2718.3701171875,2018-06-29,5
2726.7099609375,2018-07-02,3
2713.219970703125,2018-07-03,21
2736.610107421875,2018-07-05,6
2759.820068359375,2018-07-06,6
2784.169921875,2018-07-09,7
2793.840087890625,2018-07-10,18
2774.02001953125,2018-07-11,18
2798.2900390625,2018-07-12,10
2801.31005859375,2018-07-13,4
2798.429931640625,2018-07-16,12
2809.550048828125,2018-07-17,5
2815.6201171875,2018-07-18,15
2804.489990234375,2018-07-19,13
2801.830078125,2018-07-20,14
2806.97998046875,2018-07-23,10
2820.39990234375,2018-07-24,16
2846.070068359375,2018-07-25,15
2837.43994140625,2018-07-26,12
2818.820068359375,2018-07-27,16
2802.60009765625,2018-07-30,14
2816.2900390625,2018-07-31,19
2813.360107421875,2018-08-01,14
2827.219970703125,2018-08-02,13
2840.35009765625,2018-08-03,10
2850.39990234375,2018-08-06,10
2858.449951171875,2018-08-07,4
2857.699951171875,2018-08-08,10
2853.580078125,2018-08-09,6
2833.280029296875,2018-08-10,8
2821.929931640625,2018-08-13,14
2839.9599609375,2018-08-14,17
2818.3701171875,2018-08-15,17
2840.68994140625,2018-08-16,17
2850.1298828125,2018-08-17,18
2857.050048828125,2018-08-20,9
2862.9599609375,2018-08-21,13
2861.820068359375,2018-08-22,13
2856.97998046875,2018-08-23,13
2874.68994140625,2018-08-24,13
2896.739990234375,2018-08-27,10
2897.52001953125,2018-08-28,10
2914.0400390625,2018-08-29,24
2901.1298828125,2018-08-30,18
2901.52001953125,2018-08-31,4
2896.719970703125,2018-09-04,12
2888.60009765625,2018-09-05,15
2878.050048828125,2018-09-06,8
2871.679931640625,2018-09-07,9
2877.1298828125,2018-09-10,23
2887.889892578125,2018-09-11,11
2888.919921875,2018-09-12,13
2904.179931640625,2018-09-13,17
2904.97998046875,2018-09-14,30
2888.800048828125,2018-09-17,30
2904.31005859375,2018-09-18,12
2907.949951171875,2018-09-19,9
2930.75,2018-09-20,14
2929.669921875,2018-09-21,25
2919.3701171875,2018-09-24,10
2915.56005859375,2018-09-25,15
2905.969970703125,2018-09-26,14
2914.0,2018-09-27,1
2924.590087890625,2018-10-01,5
2923.429931640625,2018-10-02,11
2925.510009765625,2018-10-03,16
2901.610107421875,2018-10-04,12
2885.570068359375,2018-10-05,10
2884.429931640625,2018-10-08,8
2880.340087890625,2018-10-09,18
2785.679931640625,2018-10-10,23
2728.3701171875,2018-10-11,11
2767.1298828125,2018-10-12,12
2750.7900390625,2018-10-15,9
2809.919921875,2018-10-16,19
2809.2099609375,2018-10-17,23
2768.780029296875,2018-10-18,14
2767.780029296875,2018-10-19,11
2755.8798828125,2018-10-22,14
2740.68994140625,2018-10-23,15
2656.10009765625,2018-10-24,7
2705.570068359375,2018-10-25,18
2658.68994140625,2018-10-26,11
2641.25,2018-10-29,7
2682.6298828125,2018-10-30,24
2711.739990234375,2018-10-31,15
2740.3701171875,2018-11-01,12
2723.06005859375,2018-11-02,10
2738.31005859375,2018-11-05,17
2755.449951171875,2018-11-06,35
2813.889892578125,2018-11-07,14
2806.830078125,2018-11-08,2
2781.010009765625,2018-11-09,12
2726.219970703125,2018-11-12,9
2722.179931640625,2018-11-13,14
2701.580078125,2018-11-14,5
2730.199951171875,2018-11-15,9
2736.27001953125,2018-11-16,4
2690.72998046875,2018-11-19,7
2641.889892578125,2018-11-20,3
2649.929931640625,2018-11-21,13
2632.56005859375,2018-11-23,5
2673.449951171875,2018-11-26,10
2682.169921875,2018-11-27,9
2743.7900390625,2018-11-28,15
2737.800048828125,2018-11-29,14
2760.169921875,2018-11-30,11
2790.3701171875,2018-12-03,12
2700.06005859375,2018-12-04,10
2695.949951171875,2018-12-06,4
2633.080078125,2018-12-07,23
2637.719970703125,2018-12-10,3
2636.780029296875,2018-12-11,13
2651.070068359375,2018-12-12,3
2650.5400390625,2018-12-13,13
2599.949951171875,2018-12-14,7
2545.93994140625,2018-12-17,6
2546.159912109375,2018-12-18,11
2506.9599609375,2018-12-19,13
2467.419921875,2018-12-20,17
2416.6201171875,2018-12-21,20
2351.10009765625,2018-12-24,18
2467.699951171875,2018-12-26,1
2488.830078125,2018-12-27,12
2485.739990234375,2018-12-28,5
2506.85009765625,2018-12-31,12
2510.030029296875,2019-01-02,3
2447.889892578125,2019-01-03,9
2531.93994140625,2019-01-04,7
2549.68994140625,2019-01-07,6
2574.409912109375,2019-01-08,5
2584.9599609375,2019-01-09,7
2596.639892578125,2019-01-10,17
2596.260009765625,2019-01-11,14
2582.610107421875,2019-01-14,25
2610.300048828125,2019-01-15,19
2616.10009765625,2019-01-16,2
2635.9599609375,2019-01-17,3
2670.7099609375,2019-01-18,15
2632.89990234375,2019-01-22,13
2638.699951171875,2019-01-23,8
2642.330078125,2019-01-24,10
2664.760009765625,2019-01-25,4
2643.85009765625,2019-01-28,7
2640.0,2019-01-29,3
2681.050048828125,2019-01-30,12
2704.10009765625,2019-01-31,17
2706.530029296875,2019-02-01,12
2724.8701171875,2019-02-04,1
2737.699951171875,2019-02-05,4
2731.610107421875,2019-02-06,4
2706.050048828125,2019-02-07,6
2707.8798828125,2019-02-08,10
2709.800048828125,2019-02-11,9
2744.72998046875,2019-02-12,8
2753.030029296875,2019-02-13,9
2745.72998046875,2019-02-14,9
2775.60009765625,2019-02-15,6
2779.760009765625,2019-02-19,16
2784.699951171875,2019-02-20,10
2774.8798828125,2019-02-21,5
2792.669921875,2019-02-22,8
2796.110107421875,2019-02-25,17
2793.89990234375,2019-02-26,4
2792.3798828125,2019-02-27,14
2784.489990234375,2019-02-28,2
2803.68994140625,2019-03-01,15
2792.81005859375,2019-03-04,16
2789.64990234375,2019-03-05,18
2771.449951171875,2019-03-06,13
2748.929931640625,2019-03-07,5
2743.070068359375,2019-03-08,34
2783.300048828125,2019-03-11,15
2791.52001953125,2019-03-12,6
2810.919921875,2019-03-13,36
2808.47998046875,2019-03-14,13
2822.47998046875,2019-03-15,13
2832.93994140625,2019-03-18,13
2832.570068359375,2019-03-19,11
2824.22998046875,2019-03-20,11
2854.8798828125,2019-03-21,7
2800.7099609375,2019-03-22,15
2798.360107421875,2019-03-25,9
2818.4599609375,2019-03-26,16
2805.3701171875,2019-03-27,11
2815.43994140625,2019-03-28,13
2834.39990234375,2019-03-29,13
2867.18994140625,2019-04-01,8
2867.239990234375,2019-04-02,17
2873.39990234375,2019-04-03,4
2879.389892578125,2019-04-04,10
2892.739990234375,2019-04-05,20
2895.77001953125,2019-04-08,10
2878.199951171875,2019-04-09,17
2888.2099609375,2019-04-10,12
2888.320068359375,2019-04-11,11
2907.409912109375,2019-04-12,14
2905.580078125,2019-04-15,21
2907.06005859375,2019-04-16,6
2900.449951171875,2019-04-17,11
2905.030029296875,2019-04-18,20
2907.969970703125,2019-04-22,42
2933.679931640625,2019-04-23,19
2927.25,2019-04-24,17
2926.169921875,2019-04-25,21
2939.8798828125,2019-04-26,12
2943.030029296875,2019-04-29,11
2945.830078125,2019-04-30,11
2923.72998046875,2019-05-01,68
2917.52001953125,2019-05-02,24
2945.639892578125,2019-05-03,21
2932.469970703125,2019-05-06,14
2884.050048828125,2019-05-07,3
2879.419921875,2019-05-08,38
2870.719970703125,2019-05-09,6
2881.39990234375,2019-05-10,41
2811.8701171875,2019-05-13,29
2834.409912109375,2019-05-14,16
2850.9599609375,2019-05-15,8
2876.320068359375,2019-05-16,10
2859.530029296875,2019-05-17,15
2840.22998046875,2019-05-20,19
2864.360107421875,2019-05-21,16
2856.27001953125,2019-05-22,35
2822.239990234375,2019-05-23,14
2826.06005859375,2019-05-24,28
2802.389892578125,2019-05-28,9
2783.02001953125,2019-05-29,8
2788.860107421875,2019-05-30,20
2752.06005859375,2019-05-31,15
2744.449951171875,2019-06-03,21
2803.27001953125,2019-06-04,7
2826.14990234375,2019-06-05,15
2843.489990234375,2019-06-06,11
2873.340087890625,2019-06-07,16
2886.72998046875,2019-06-10,17
2885.719970703125,2019-06-11,21
2879.840087890625,2019-06-12,9
2891.639892578125,2019-06-13,37
2886.97998046875,2019-06-14,14
2889.669921875,2019-06-17,9
2917.75,2019-06-18,16
2926.4599609375,2019-06-19,15
2954.179931640625,2019-06-20,6
2950.4599609375,2019-06-21,7
2945.35009765625,2019-06-24,15
2917.3798828125,2019-06-25,13
2913.780029296875,2019-06-26,45
2924.919921875,2019-06-27,11
2941.760009765625,2019-06-28,6
2964.330078125,2019-07-01,19
2973.010009765625,2019-07-02,16
2995.820068359375,2019-07-03,18
2990.409912109375,2019-07-05,38
2975.949951171875,2019-07-08,13
2979.6298828125,2019-07-09,14
2993.070068359375,2019-07-10,22
2999.909912109375,2019-07-11,32
3013.77001953125,2019-07-12,54
3014.300048828125,2019-07-15,18
3004.0400390625,2019-07-16,12
2984.419921875,2019-07-17,14
2995.110107421875,2019-07-18,14
2976.610107421875,2019-07-19,25
2985.030029296875,2019-07-22,21
3005.469970703125,2019-07-23,20
3019.56005859375,2019-07-24,34
3003.669921875,2019-07-25,26
3025.860107421875,2019-07-26,16
3020.969970703125,2019-07-29,24
3013.179931640625,2019-07-30,29
2980.3798828125,2019-07-31,19
2953.56005859375,2019-08-01,16
2932.050048828125,2019-08-02,13
2844.739990234375,2019-08-05,11
2881.77001953125,2019-08-06,18
2883.97998046875,2019-08-07,21
2938.090087890625,2019-08-08,18
2918.64990234375,2019-08-09,9
2882.699951171875,2019-08-12,19
2926.320068359375,2019-08-13,39
2840.60009765625,2019-08-14,25
2847.60009765625,2019-08-15,33
2888.679931640625,2019-08-16,25
2923.64990234375,2019-08-19,19
2900.510009765625,2019-08-20,35
2924.429931640625,2019-08-21,24
2922.949951171875,2019-08-22,12
2847.110107421875,2019-08-23,46
2878.3798828125,2019-08-26,13
2869.159912109375,2019-08-27,19
2887.93994140625,2019-08-28,15
2924.580078125,2019-08-29,15
2926.4599609375,2019-08-30,24
2906.27001953125,2019-09-03,22
2937.780029296875,2019-09-04,25
2976.0,2019-09-05,30
2978.7099609375,2019-09-06,26
2978.429931640625,2019-09-09,36
2979.389892578125,2019-09-10,26
3000.929931640625,2019-09-11,33
3009.570068359375,2019-09-12,26
3007.389892578125,2019-09-13,16
2997.9599609375,2019-09-16,31
3005.699951171875,2019-09-17,12
3006.72998046875,2019-09-18,43
3006.7900390625,2019-09-19,7
2992.070068359375,2019-09-20,16
2991.780029296875,2019-09-23,13
2966.60009765625,2019-09-24,20
2984.8701171875,2019-09-25,37
2977.6201171875,2019-09-26,55
2961.7900390625,2019-09-27,24
2976.739990234375,2019-09-30,35
2940.25,2019-10-01,30
2887.610107421875,2019-10-02,23
2910.6298828125,2019-10-03,42
2952.010009765625,2019-10-04,36
2938.7900390625,2019-10-07,26
2893.06005859375,2019-10-08,51
2919.39990234375,2019-10-09,49
2938.1298828125,2019-10-10,24
2970.27001953125,2019-10-11,52
2966.14990234375,2019-10-14,34
2995.679931640625,2019-10-15,15
2989.68994140625,2019-10-16,25
2997.949951171875,2019-10-17,32
2986.199951171875,2019-10-18,22
3006.719970703125,2019-10-21,18
2995.989990234375,2019-10-22,41
3004.52001953125,2019-10-23,47
3010.2900390625,2019-10-24,15
3022.550048828125,2019-10-25,42
3039.419921875,2019-10-28,14
3036.889892578125,2019-10-29,48
3046.77001953125,2019-10-30,34
3037.56005859375,2019-10-31,37
3066.909912109375,2019-11-01,37
3078.27001953125,2019-11-04,38
3074.6201171875,2019-11-05,40
3076.780029296875,2019-11-06,23
3085.179931640625,2019-11-07,19
3093.080078125,2019-11-08,6
3087.010009765625,2019-11-11,38
3091.840087890625,2019-11-12,14
3094.0400390625,2019-11-13,43
3096.6298828125,2019-11-14,34
3120.4599609375,2019-11-15,43
3122.030029296875,2019-11-18,14
3120.179931640625,2019-11-19,38
3108.4599609375,2019-11-20,37
3103.5400390625,2019-11-21,35
3110.2900390625,2019-11-22,30
3133.639892578125,2019-11-25,11
3140.52001953125,2019-11-26,25
3153.6298828125,2019-11-27,11
3140.97998046875,2019-11-29,3
3113.8701171875,2019-12-02,35
3093.199951171875,2019-12-03,33
3112.760009765625,2019-12-04,31
3117.429931640625,2019-12-05,25
3145.909912109375,2019-12-06,26
3135.9599609375,2019-12-09,18
3132.52001953125,2019-12-10,48
3141.6298828125,2019-12-11,78
3168.570068359375,2019-12-12,112
3168.800048828125,2019-12-13,30
3191.449951171875,2019-12-16,58
3192.52001953125,2019-12-17,17
3191.139892578125,2019-12-18,53
3205.3701171875,2019-12-19,81
3221.219970703125,2019-12-20,41
3224.010009765625,2019-12-23,28
3223.3798828125,2019-12-24,16
3239.909912109375,2019-12-26,21
3240.02001953125,2019-12-27,29
3221.2900390625,2019-12-30,3
3230.780029296875,2019-12-31,35
3257.85009765625,2020-01-02,17
3234.85009765625,2020-01-03,32
3246.280029296875,2020-01-06,8
3237.179931640625,2020-01-07,33
3253.050048828125,2020-01-08,2
3274.699951171875,2020-01-09,29
3265.35009765625,2020-01-10,39
3288.1298828125,2020-01-13,25
3283.14990234375,2020-01-14,7
3289.2900390625,2020-01-15,36
3316.81005859375,2020-01-16,20
3329.6201171875,2020-01-17,38
3320.7900390625,2020-01-21,11
3321.75,2020-01-22,144
3325.5400390625,2020-01-23,25
3295.469970703125,2020-01-24,62
3243.6298828125,2020-01-27,21
3276.239990234375,2020-01-28,53
3273.39990234375,2020-01-29,40
3283.659912109375,2020-01-30,40
3225.52001953125,2020-01-31,22
3248.919921875,2020-02-03,33
3297.590087890625,2020-02-04,54
3334.68994140625,2020-02-05,34
3345.780029296875,2020-02-06,10
3327.7099609375,2020-02-07,66
3352.090087890625,2020-02-10,13
3357.75,2020-02-11,33
3379.449951171875,2020-02-12,33
3373.93994140625,2020-02-13,9
3380.159912109375,2020-02-14,24
3370.2900390625,2020-02-18,43
3386.14990234375,2020-02-19,33
3373.22998046875,2020-02-20,38
3337.75,2020-02-21,33
3225.889892578125,2020-02-24,35
3128.2099609375,2020-02-25,23
3116.389892578125,2020-02-26,48
2978.760009765625,2020-02-27,7
2954.219970703125,2020-02-28,23
3090.22998046875,2020-03-02,61
3003.3701171875,2020-03-03,25
3130.1201171875,2020-03-04,46
3023.93994140625,2020-03-05,28
2972.3701171875,2020-03-06,36
2746.56005859375,2020-03-09,35
2882.22998046875,2020-03-10,27
2741.3798828125,2020-03-11,29
2480.639892578125,2020-03-12,40
2711.02001953125,2020-03-13,25
2386.1298828125,2020-03-16,17
2529.18994140625,2020-03-17,49
2398.10009765625,2020-03-18,34
2409.389892578125,2020-03-19,14
2304.919921875,2020-03-20,56
2237.39990234375,2020-03-23,42
2447.330078125,2020-03-24,46
2475.56005859375,2020-03-25,31
2630.070068359375,2020-03-26,8
2541.469970703125,2020-03-27,22
2626.64990234375,2020-03-30,15
2584.590087890625,2020-03-31,24
2470.5,2020-04-01,7
2526.89990234375,2020-04-02,15
2488.64990234375,2020-04-03,15
2663.679931640625,2020-04-06,20
2659.409912109375,2020-04-07,19
2749.97998046875,2020-04-08,22
2789.820068359375,2020-04-09,8
2761.6298828125,2020-04-13,24
2846.06005859375,2020-04-14,16
2783.360107421875,2020-04-15,12
2799.550048828125,2020-04-16,7
2874.56005859375,2020-04-17,15
2823.159912109375,2020-04-20,11
2736.56005859375,2020-04-21,36
2799.31005859375,2020-04-22,22
2797.800048828125,2020-04-23,33
2836.739990234375,2020-04-24,30
2878.47998046875,2020-04-27,38
2863.389892578125,2020-04-28,22
2939.510009765625,2020-04-29,21
2912.429931640625,2020-04-30,67
2830.7099609375,2020-05-01,38
2842.739990234375,2020-05-04,11
2868.43994140625,2020-05-05,33
2848.419921875,2020-05-06,13
2881.18994140625,2020-05-07,10
2929.800048828125,2020-05-08,12
2930.18994140625,2020-05-11,56
2870.1201171875,2020-05-12,53
2820.0,2020-05-13,26
2852.5,2020-05-14,28
2863.699951171875,2020-05-15,40
2953.909912109375,2020-05-18,35
2922.93994140625,2020-05-19,23
2971.610107421875,2020-05-20,53
2948.510009765625,2020-05-21,24
2955.449951171875,2020-05-22,51
2991.77001953125,2020-05-26,19
3036.1298828125,2020-05-27,41
3029.72998046875,2020-05-28,64
3044.31005859375,2020-05-29,18
3055.72998046875,2020-06-01,13
3080.820068359375,2020-06-02,77
3122.8701171875,2020-06-03,56
3112.35009765625,2020-06-04,102
3193.929931640625,2020-06-05,153
3232.389892578125,2020-06-08,16
3207.179931640625,2020-06-09,45
3190.139892578125,2020-06-10,19
3002.10009765625,2020-06-11,39
3041.31005859375,2020-06-12,36
3066.590087890625,2020-06-15,10
3124.739990234375,2020-06-16,14
3113.489990234375,2020-06-17,20
3115.340087890625,2020-06-18,50
3097.739990234375,2020-06-19,23
3117.860107421875,2020-06-22,25
3131.2900390625,2020-06-23,30
3050.330078125,2020-06-24,11
3083.760009765625,2020-06-25,30
3009.050048828125,2020-06-26,14
3053.239990234375,2020-06-29,51
3100.2900390625,2020-06-30,30
3115.860107421875,2020-07-01,50
3130.010009765625,2020-07-02,26
3179.719970703125,2020-07-06,22
3145.320068359375,2020-07-07,9
3169.93994140625,2020-07-08,11
3152.050048828125,2020-07-09,24
3185.0400390625,2020-07-10,21
3155.219970703125,2020-07-13,21
3197.52001953125,2020-07-14,23
3226.56005859375,2020-07-15,31
3215.570068359375,2020-07-16,12
3224.72998046875,2020-07-17,24
3251.840087890625,2020-07-20,3
3257.300048828125,2020-07-21,9
3276.02001953125,2020-07-22,16
3235.659912109375,2020-07-23,55
3215.6298828125,2020-07-24,16
3239.409912109375,2020-07-27,84
3218.43994140625,2020-07-28,39
3258.43994140625,2020-07-29,51
3246.219970703125,2020-07-30,17
3271.1201171875,2020-07-31,15
3294.610107421875,2020-08-03,27
3306.510009765625,2020-08-04,32
3327.77001953125,2020-08-05,22
3349.159912109375,2020-08-06,36
3351.280029296875,2020-08-07,26
3360.469970703125,2020-08-10,26
3333.68994140625,2020-08-11,12
3380.35009765625,2020-08-12,27
3373.429931640625,2020-08-13,26
3372.85009765625,2020-08-14,89
3381.989990234375,2020-08-17,40
3389.780029296875,2020-08-18,51
3374.85009765625,2020-08-19,44
3385.510009765625,2020-08-20,41
3397.159912109375,2020-08-21,16
3431.280029296875,2020-08-24,21
3443.6201171875,2020-08-25,52
3478.72998046875,2020-08-26,45
3484.550048828125,2020-08-27,45
3508.010009765625,2020-08-28,37
3500.31005859375,2020-08-31,18
3526.64990234375,2020-09-01,46
3580.840087890625,2020-09-02,43
3455.06005859375,2020-09-03,27
3426.9599609375,2020-09-04,23
3331.840087890625,2020-09-08,109
3398.9599609375,2020-09-09,65
3339.18994140625,2020-09-10,62
3340.969970703125,2020-09-11,27
3383.5400390625,2020-09-14,109
3401.199951171875,2020-09-15,26
3385.489990234375,2020-09-16,35
3357.010009765625,2020-09-17,31
3319.469970703125,2020-09-18,42
3281.06005859375,2020-09-21,21
3315.570068359375,2020-09-22,45
3236.919921875,2020-09-23,48
3246.590087890625,2020-09-24,23
3298.4599609375,2020-09-25,84
3351.60009765625,2020-09-28,16
3335.469970703125,2020-09-29,37
3363.0,2020-09-30,95
3380.800048828125,2020-10-01,60
3348.419921875,2020-10-02,3
3408.60009765625,2020-10-05,31
3360.969970703125,2020-10-06,23
3419.43994140625,2020-10-07,104
3446.830078125,2020-10-08,44
3477.139892578125,2020-10-09,37
3534.219970703125,2020-10-12,109
3511.929931640625,2020-10-13,91
3488.669921875,2020-10-14,30
3483.340087890625,2020-10-15,60
3483.81005859375,2020-10-16,78
3426.919921875,2020-10-19,27
3443.1201171875,2020-10-20,8
3435.56005859375,2020-10-21,37
3453.489990234375,2020-10-22,26
3465.389892578125,2020-10-23,48
3400.969970703125,2020-10-26,30
3390.679931640625,2020-10-27,113
3271.030029296875,2020-10-28,40
3310.110107421875,2020-10-29,32
3269.9599609375,2020-10-30,70
3310.239990234375,2020-11-02,73
3369.159912109375,2020-11-03,50
3443.43994140625,2020-11-04,16
3510.449951171875,2020-11-05,12
3509.43994140625,2020-11-06,16
3550.5,2020-11-09,24
3545.530029296875,2020-11-10,30
3572.659912109375,2020-11-11,37
3537.010009765625,2020-11-12,56
3585.14990234375,2020-11-13,17
3626.909912109375,2020-11-16,45
3609.530029296875,2020-11-17,7
3567.7900390625,2020-11-18,37
3581.8701171875,2020-11-19,27
3557.5400390625,2020-11-20,22
3577.590087890625,2020-11-23,4
3635.409912109375,2020-11-24,19
3629.64990234375,2020-11-25,43
3638.35009765625,2020-11-27,34
3621.6298828125,2020-11-30,26
3662.449951171875,2020-12-01,50
3669.010009765625,2020-12-02,28
3666.719970703125,2020-12-03,20
3699.1201171875,2020-12-04,29
3691.9599609375,2020-12-07,16
3702.25,2020-12-08,44
3672.820068359375,2020-12-09,13
3668.10009765625,2020-12-10,25
3663.4599609375,2020-12-11,27
3647.489990234375,2020-12-14,16
3694.6201171875,2020-12-15,15
3701.169921875,2020-12-16,17
3722.47998046875,2020-12-17,11
3709.409912109375,2020-12-18,27
3694.919921875,2020-12-21,16
3687.260009765625,2020-12-22,6
3690.010009765625,2020-12-23,10
3703.06005859375,2020-12-24,15
3735.360107421875,2020-12-28,6
3727.0400390625,2020-12-29,18
3732.0400390625,2020-12-30,24
3756.070068359375,2020-12-31,2
